claim_id,subject_id,subject_name,predicate,object_id,object_value,claim_type,fact_confidence,canon_status,continuity,source_ids,evidence_note,review_status,needs_review
claim:00001,char:aatrox,Aatrox,ASSOCIATED_WITH_REGION,,Shurima,STRUCTURAL,DERIVED,CURRENT_OR_REVIEW,MAIN_RUNETERRA,src:riot-bio:aatrox|src:wiki-universe:aatrox,Seed region association; confirm multi-region nuance during enrichment.,PENDING,TRUE
claim:00002,char:ahri,Ahri,ASSOCIATED_WITH_REGION,,Ionia,STRUCTURAL,DERIVED,CURRENT_OR_REVIEW,MAIN_RUNETERRA,src:riot-bio:ahri|src:wiki-universe:ahri,Seed region association; confirm multi-region nuance during enrichment.,PENDING,TRUE
claim:00003,char:akali,Akali,ASSOCIATED_WITH_REGION,,Ionia,STRUCTURAL,DERIVED,CURRENT_OR_REVIEW,MAIN_RUNETERRA,src:riot-bio:akali|src:wiki-universe:akali,Seed region association; confirm multi-region nuance during enrichment.,PENDING,TRUE
claim:00004,char:akshan,Akshan,ASSOCIATED_WITH_REGION,,Shurima,STRUCTURAL,DERIVED,CURRENT_OR_REVIEW,MAIN_RUNETERRA,src:riot-bio:akshan|src:wiki-universe:akshan,Seed region association; confirm multi-region nuance during enrichment.,PENDING,TRUE
claim:00005,char:alistar,Alistar,ASSOCIATED_WITH_REGION,,Noxus,STRUCTURAL,DERIVED,CURRENT_OR_REVIEW,MAIN_RUNETERRA,src:riot-bio:alistar|src:wiki-universe:alistar,Seed region association; confirm multi-region nuance during enrichment.,PENDING,TRUE
claim:00006,char:ambessa,Ambessa,ASSOCIATED_WITH_REGION,,Noxus,STRUCTURAL,DERIVED,CURRENT_OR_REVIEW,MAIN_RUNETERRA,src:riot-bio:ambessa|src:wiki-universe:ambessa,Seed region association; confirm multi-region nuance during enrichment.,PENDING,TRUE
claim:00007,char:amumu,Amumu,ASSOCIATED_WITH_REGION,,Shurima,STRUCTURAL,DERIVED,CURRENT_OR_REVIEW,MAIN_RUNETERRA,src:riot-bio:amumu|src:wiki-universe:amumu,Seed region association; confirm multi-region nuance during enrichment.,PENDING,TRUE
claim:00008,char:anivia,Anivia,ASSOCIATED_WITH_REGION,,Freljord,STRUCTURAL,DERIVED,CURRENT_OR_REVIEW,MAIN_RUNETERRA,src:riot-bio:anivia|src:wiki-universe:anivia,Seed region association; confirm multi-region nuance during enrichment.,PENDING,TRUE
claim:00009,char:annie,Annie,ASSOCIATED_WITH_REGION,,Noxus,STRUCTURAL,DERIVED,CURRENT_OR_REVIEW,MAIN_RUNETERRA,src:riot-bio:annie|src:wiki-universe:annie,Seed region association; confirm multi-region nuance during enrichment.,PENDING,TRUE
claim:00010,char:aphelios,Aphelios,ASSOCIATED_WITH_REGION,,Targon,STRUCTURAL,DERIVED,CURRENT_OR_REVIEW,MAIN_RUNETERRA,src:riot-bio:aphelios|src:wiki-universe:aphelios,Seed region association; confirm multi-region nuance during enrichment.,PENDING,TRUE
claim:00011,char:ashe,Ashe,ASSOCIATED_WITH_REGION,,Freljord,STRUCTURAL,DERIVED,CURRENT_OR_REVIEW,MAIN_RUNETERRA,src:riot-bio:ashe|src:wiki-universe:ashe,Seed region association; confirm multi-region nuance during enrichment.,PENDING,TRUE
claim:00012,char:aurelion-sol,Aurelion Sol,ASSOCIATED_WITH_REGION,,Targon,STRUCTURAL,DERIVED,CURRENT_OR_REVIEW,MAIN_RUNETERRA,src:riot-bio:aurelion-sol|src:wiki-universe:aurelion-sol,Seed region association; confirm multi-region nuance during enrichment.,PENDING,TRUE
claim:00013,char:aurora,Aurora,ASSOCIATED_WITH_REGION,,Freljord,STRUCTURAL,DERIVED,CURRENT_OR_REVIEW,MAIN_RUNETERRA,src:riot-bio:aurora|src:wiki-universe:aurora,Seed region association; confirm multi-region nuance during enrichment.,PENDING,TRUE
claim:00014,char:azir,Azir,ASSOCIATED_WITH_REGION,,Shurima,STRUCTURAL,DERIVED,CURRENT_OR_REVIEW,MAIN_RUNETERRA,src:riot-bio:azir|src:wiki-universe:azir,Seed region association; confirm multi-region nuance during enrichment.,PENDING,TRUE
claim:00015,char:bard,Bard,ASSOCIATED_WITH_REGION,,Runeterra / Cosmic,STRUCTURAL,DERIVED,CURRENT_OR_REVIEW,MAIN_RUNETERRA,src:riot-bio:bard|src:wiki-universe:bard,Seed region association; confirm multi-region nuance during enrichment.,PENDING,TRUE
claim:00016,char:bel-veth,Bel'Veth,ASSOCIATED_WITH_REGION,,The Void,STRUCTURAL,DERIVED,CURRENT_OR_REVIEW,MAIN_RUNETERRA,src:riot-bio:bel-veth|src:wiki-universe:bel-veth,Seed region association; confirm multi-region nuance during enrichment.,PENDING,TRUE
claim:00017,char:blitzcrank,Blitzcrank,ASSOCIATED_WITH_REGION,,Zaun,STRUCTURAL,DERIVED,CURRENT_OR_REVIEW,MAIN_RUNETERRA,src:riot-bio:blitzcrank|src:wiki-universe:blitzcrank,Seed region association; confirm multi-region nuance during enrichment.,PENDING,TRUE
claim:00018,char:brand,Brand,ASSOCIATED_WITH_REGION,,Freljord,STRUCTURAL,DERIVED,CURRENT_OR_REVIEW,MAIN_RUNETERRA,src:riot-bio:brand|src:wiki-universe:brand,Seed region association; confirm multi-region nuance during enrichment.,PENDING,TRUE
claim:00019,char:braum,Braum,ASSOCIATED_WITH_REGION,,Freljord,STRUCTURAL,DERIVED,CURRENT_OR_REVIEW,MAIN_RUNETERRA,src:riot-bio:braum|src:wiki-universe:braum,Seed region association; confirm multi-region nuance during enrichment.,PENDING,TRUE
claim:00020,char:briar,Briar,ASSOCIATED_WITH_REGION,,Noxus,STRUCTURAL,DERIVED,CURRENT_OR_REVIEW,MAIN_RUNETERRA,src:riot-bio:briar|src:wiki-universe:briar,Seed region association; confirm multi-region nuance during enrichment.,PENDING,TRUE
claim:00021,char:caitlyn,Caitlyn,ASSOCIATED_WITH_REGION,,Piltover,STRUCTURAL,DERIVED,CURRENT_OR_REVIEW,MAIN_RUNETERRA,src:riot-bio:caitlyn|src:wiki-universe:caitlyn,Seed region association; confirm multi-region nuance during enrichment.,PENDING,TRUE
claim:00022,char:camille,Camille,ASSOCIATED_WITH_REGION,,Piltover,STRUCTURAL,DERIVED,CURRENT_OR_REVIEW,MAIN_RUNETERRA,src:riot-bio:camille|src:wiki-universe:camille,Seed region association; confirm multi-region nuance during enrichment.,PENDING,TRUE
claim:00023,char:cassiopeia,Cassiopeia,ASSOCIATED_WITH_REGION,,Noxus,STRUCTURAL,DERIVED,CURRENT_OR_REVIEW,MAIN_RUNETERRA,src:riot-bio:cassiopeia|src:wiki-universe:cassiopeia,Seed region association; confirm multi-region nuance during enrichment.,PENDING,TRUE
claim:00024,char:cho-gath,Cho'Gath,ASSOCIATED_WITH_REGION,,The Void,STRUCTURAL,DERIVED,CURRENT_OR_REVIEW,MAIN_RUNETERRA,src:riot-bio:cho-gath|src:wiki-universe:cho-gath,Seed region association; confirm multi-region nuance during enrichment.,PENDING,TRUE
claim:00025,char:corki,Corki,ASSOCIATED_WITH_REGION,,Bandle City / Piltover,STRUCTURAL,DERIVED,CURRENT_OR_REVIEW,MAIN_RUNETERRA,src:riot-bio:corki|src:wiki-universe:corki,Seed region association; confirm multi-region nuance during enrichment.,PENDING,TRUE
claim:00026,char:darius,Darius,ASSOCIATED_WITH_REGION,,Noxus,STRUCTURAL,DERIVED,CURRENT_OR_REVIEW,MAIN_RUNETERRA,src:riot-bio:darius|src:wiki-universe:darius,Seed region association; confirm multi-region nuance during enrichment.,PENDING,TRUE
claim:00027,char:diana,Diana,ASSOCIATED_WITH_REGION,,Targon,STRUCTURAL,DERIVED,CURRENT_OR_REVIEW,MAIN_RUNETERRA,src:riot-bio:diana|src:wiki-universe:diana,Seed region association; confirm multi-region nuance during enrichment.,PENDING,TRUE
claim:00028,char:dr-mundo,Dr. Mundo,ASSOCIATED_WITH_REGION,,Zaun,STRUCTURAL,DERIVED,CURRENT_OR_REVIEW,MAIN_RUNETERRA,src:riot-bio:dr-mundo|src:wiki-universe:dr-mundo,Seed region association; confirm multi-region nuance during enrichment.,PENDING,TRUE
claim:00029,char:draven,Draven,ASSOCIATED_WITH_REGION,,Noxus,STRUCTURAL,DERIVED,CURRENT_OR_REVIEW,MAIN_RUNETERRA,src:riot-bio:draven|src:wiki-universe:draven,Seed region association; confirm multi-region nuance during enrichment.,PENDING,TRUE
claim:00030,char:ekko,Ekko,ASSOCIATED_WITH_REGION,,Zaun,STRUCTURAL,DERIVED,CURRENT_OR_REVIEW,MAIN_RUNETERRA,src:riot-bio:ekko|src:wiki-universe:ekko,Seed region association; confirm multi-region nuance during enrichment.,PENDING,TRUE
claim:00031,char:elise,Elise,ASSOCIATED_WITH_REGION,,Noxus / Shadow Isles,STRUCTURAL,DERIVED,CURRENT_OR_REVIEW,MAIN_RUNETERRA,src:riot-bio:elise|src:wiki-universe:elise,Seed region association; confirm multi-region nuance during enrichment.,PENDING,TRUE
claim:00032,char:evelynn,Evelynn,ASSOCIATED_WITH_REGION,,Runeterra,STRUCTURAL,DERIVED,CURRENT_OR_REVIEW,MAIN_RUNETERRA,src:riot-bio:evelynn|src:wiki-universe:evelynn,Seed region association; confirm multi-region nuance during enrichment.,PENDING,TRUE
claim:00033,char:ezreal,Ezreal,ASSOCIATED_WITH_REGION,,Piltover,STRUCTURAL,DERIVED,CURRENT_OR_REVIEW,MAIN_RUNETERRA,src:riot-bio:ezreal|src:wiki-universe:ezreal,Seed region association; confirm multi-region nuance during enrichment.,PENDING,TRUE
claim:00034,char:fiddlesticks,Fiddlesticks,ASSOCIATED_WITH_REGION,,Runeterra,STRUCTURAL,DERIVED,CURRENT_OR_REVIEW,MAIN_RUNETERRA,src:riot-bio:fiddlesticks|src:wiki-universe:fiddlesticks,Seed region association; confirm multi-region nuance during enrichment.,PENDING,TRUE
claim:00035,char:fiora,Fiora,ASSOCIATED_WITH_REGION,,Demacia,STRUCTURAL,DERIVED,CURRENT_OR_REVIEW,MAIN_RUNETERRA,src:riot-bio:fiora|src:wiki-universe:fiora,Seed region association; confirm multi-region nuance during enrichment.,PENDING,TRUE
claim:00036,char:fizz,Fizz,ASSOCIATED_WITH_REGION,,Bilgewater,STRUCTURAL,DERIVED,CURRENT_OR_REVIEW,MAIN_RUNETERRA,src:riot-bio:fizz|src:wiki-universe:fizz,Seed region association; confirm multi-region nuance during enrichment.,PENDING,TRUE
claim:00037,char:galio,Galio,ASSOCIATED_WITH_REGION,,Demacia,STRUCTURAL,DERIVED,CURRENT_OR_REVIEW,MAIN_RUNETERRA,src:riot-bio:galio|src:wiki-universe:galio,Seed region association; confirm multi-region nuance during enrichment.,PENDING,TRUE
claim:00038,char:gangplank,Gangplank,ASSOCIATED_WITH_REGION,,Bilgewater,STRUCTURAL,DERIVED,CURRENT_OR_REVIEW,MAIN_RUNETERRA,src:riot-bio:gangplank|src:wiki-universe:gangplank,Seed region association; confirm multi-region nuance during enrichment.,PENDING,TRUE
claim:00039,char:garen,Garen,ASSOCIATED_WITH_REGION,,Demacia,STRUCTURAL,DERIVED,CURRENT_OR_REVIEW,MAIN_RUNETERRA,src:riot-bio:garen|src:wiki-universe:garen,Seed region association; confirm multi-region nuance during enrichment.,PENDING,TRUE
claim:00040,char:gnar,Gnar,ASSOCIATED_WITH_REGION,,Freljord,STRUCTURAL,DERIVED,CURRENT_OR_REVIEW,MAIN_RUNETERRA,src:riot-bio:gnar|src:wiki-universe:gnar,Seed region association; confirm multi-region nuance during enrichment.,PENDING,TRUE
claim:00041,char:gragas,Gragas,ASSOCIATED_WITH_REGION,,Freljord,STRUCTURAL,DERIVED,CURRENT_OR_REVIEW,MAIN_RUNETERRA,src:riot-bio:gragas|src:wiki-universe:gragas,Seed region association; confirm multi-region nuance during enrichment.,PENDING,TRUE
claim:00042,char:graves,Graves,ASSOCIATED_WITH_REGION,,Bilgewater,STRUCTURAL,DERIVED,CURRENT_OR_REVIEW,MAIN_RUNETERRA,src:riot-bio:graves|src:wiki-universe:graves,Seed region association; confirm multi-region nuance during enrichment.,PENDING,TRUE
claim:00043,char:gwen,Gwen,ASSOCIATED_WITH_REGION,,Shadow Isles,STRUCTURAL,DERIVED,CURRENT_OR_REVIEW,MAIN_RUNETERRA,src:riot-bio:gwen|src:wiki-universe:gwen,Seed region association; confirm multi-region nuance during enrichment.,PENDING,TRUE
claim:00044,char:hecarim,Hecarim,ASSOCIATED_WITH_REGION,,Shadow Isles,STRUCTURAL,DERIVED,CURRENT_OR_REVIEW,MAIN_RUNETERRA,src:riot-bio:hecarim|src:wiki-universe:hecarim,Seed region association; confirm multi-region nuance during enrichment.,PENDING,TRUE
claim:00045,char:heimerdinger,Heimerdinger,ASSOCIATED_WITH_REGION,,Piltover,STRUCTURAL,DERIVED,CURRENT_OR_REVIEW,MAIN_RUNETERRA,src:riot-bio:heimerdinger|src:wiki-universe:heimerdinger,Seed region association; confirm multi-region nuance during enrichment.,PENDING,TRUE
claim:00046,char:hwei,Hwei,ASSOCIATED_WITH_REGION,,Ionia,STRUCTURAL,DERIVED,CURRENT_OR_REVIEW,MAIN_RUNETERRA,src:riot-bio:hwei|src:wiki-universe:hwei,Seed region association; confirm multi-region nuance during enrichment.,PENDING,TRUE
claim:00047,char:illaoi,Illaoi,ASSOCIATED_WITH_REGION,,Bilgewater,STRUCTURAL,DERIVED,CURRENT_OR_REVIEW,MAIN_RUNETERRA,src:riot-bio:illaoi|src:wiki-universe:illaoi,Seed region association; confirm multi-region nuance during enrichment.,PENDING,TRUE
claim:00048,char:irelia,Irelia,ASSOCIATED_WITH_REGION,,Ionia,STRUCTURAL,DERIVED,CURRENT_OR_REVIEW,MAIN_RUNETERRA,src:riot-bio:irelia|src:wiki-universe:irelia,Seed region association; confirm multi-region nuance during enrichment.,PENDING,TRUE
claim:00049,char:ivern,Ivern,ASSOCIATED_WITH_REGION,,Ionia,STRUCTURAL,DERIVED,CURRENT_OR_REVIEW,MAIN_RUNETERRA,src:riot-bio:ivern|src:wiki-universe:ivern,Seed region association; confirm multi-region nuance during enrichment.,PENDING,TRUE
claim:00050,char:janna,Janna,ASSOCIATED_WITH_REGION,,Zaun,STRUCTURAL,DERIVED,CURRENT_OR_REVIEW,MAIN_RUNETERRA,src:riot-bio:janna|src:wiki-universe:janna,Seed region association; confirm multi-region nuance during enrichment.,PENDING,TRUE
claim:00051,char:jarvan-iv,Jarvan IV,ASSOCIATED_WITH_REGION,,Demacia,STRUCTURAL,DERIVED,CURRENT_OR_REVIEW,MAIN_RUNETERRA,src:riot-bio:jarvan-iv|src:wiki-universe:jarvan-iv,Seed region association; confirm multi-region nuance during enrichment.,PENDING,TRUE
claim:00052,char:jax,Jax,ASSOCIATED_WITH_REGION,,Icathia / Runeterra,STRUCTURAL,DERIVED,CURRENT_OR_REVIEW,MAIN_RUNETERRA,src:riot-bio:jax|src:wiki-universe:jax,Seed region association; confirm multi-region nuance during enrichment.,PENDING,TRUE
claim:00053,char:jayce,Jayce,ASSOCIATED_WITH_REGION,,Piltover,STRUCTURAL,DERIVED,CURRENT_OR_REVIEW,MAIN_RUNETERRA,src:riot-bio:jayce|src:wiki-universe:jayce,Seed region association; confirm multi-region nuance during enrichment.,PENDING,TRUE
claim:00054,char:jhin,Jhin,ASSOCIATED_WITH_REGION,,Ionia,STRUCTURAL,DERIVED,CURRENT_OR_REVIEW,MAIN_RUNETERRA,src:riot-bio:jhin|src:wiki-universe:jhin,Seed region association; confirm multi-region nuance during enrichment.,PENDING,TRUE
claim:00055,char:jinx,Jinx,ASSOCIATED_WITH_REGION,,Zaun,STRUCTURAL,DERIVED,CURRENT_OR_REVIEW,MAIN_RUNETERRA,src:riot-bio:jinx|src:wiki-universe:jinx,Seed region association; confirm multi-region nuance during enrichment.,PENDING,TRUE
claim:00056,char:k-sante,K'Sante,ASSOCIATED_WITH_REGION,,Shurima,STRUCTURAL,DERIVED,CURRENT_OR_REVIEW,MAIN_RUNETERRA,src:riot-bio:k-sante|src:wiki-universe:k-sante,Seed region association; confirm multi-region nuance during enrichment.,PENDING,TRUE
claim:00057,char:kai-sa,Kai'Sa,ASSOCIATED_WITH_REGION,,Shurima / The Void,STRUCTURAL,DERIVED,CURRENT_OR_REVIEW,MAIN_RUNETERRA,src:riot-bio:kai-sa|src:wiki-universe:kai-sa,Seed region association; confirm multi-region nuance during enrichment.,PENDING,TRUE
claim:00058,char:kalista,Kalista,ASSOCIATED_WITH_REGION,,Shadow Isles,STRUCTURAL,DERIVED,CURRENT_OR_REVIEW,MAIN_RUNETERRA,src:riot-bio:kalista|src:wiki-universe:kalista,Seed region association; confirm multi-region nuance during enrichment.,PENDING,TRUE
claim:00059,char:karma,Karma,ASSOCIATED_WITH_REGION,,Ionia,STRUCTURAL,DERIVED,CURRENT_OR_REVIEW,MAIN_RUNETERRA,src:riot-bio:karma|src:wiki-universe:karma,Seed region association; confirm multi-region nuance during enrichment.,PENDING,TRUE
claim:00060,char:karthus,Karthus,ASSOCIATED_WITH_REGION,,Shadow Isles,STRUCTURAL,DERIVED,CURRENT_OR_REVIEW,MAIN_RUNETERRA,src:riot-bio:karthus|src:wiki-universe:karthus,Seed region association; confirm multi-region nuance during enrichment.,PENDING,TRUE
claim:00061,char:kassadin,Kassadin,ASSOCIATED_WITH_REGION,,Shurima / The Void,STRUCTURAL,DERIVED,CURRENT_OR_REVIEW,MAIN_RUNETERRA,src:riot-bio:kassadin|src:wiki-universe:kassadin,Seed region association; confirm multi-region nuance during enrichment.,PENDING,TRUE
claim:00062,char:katarina,Katarina,ASSOCIATED_WITH_REGION,,Noxus,STRUCTURAL,DERIVED,CURRENT_OR_REVIEW,MAIN_RUNETERRA,src:riot-bio:katarina|src:wiki-universe:katarina,Seed region association; confirm multi-region nuance during enrichment.,PENDING,TRUE
claim:00063,char:kayle,Kayle,ASSOCIATED_WITH_REGION,,Demacia / Targon,STRUCTURAL,DERIVED,CURRENT_OR_REVIEW,MAIN_RUNETERRA,src:riot-bio:kayle|src:wiki-universe:kayle,Seed region association; confirm multi-region nuance during enrichment.,PENDING,TRUE
claim:00064,char:kayn,Kayn,ASSOCIATED_WITH_REGION,,Ionia / Noxus,STRUCTURAL,DERIVED,CURRENT_OR_REVIEW,MAIN_RUNETERRA,src:riot-bio:kayn|src:wiki-universe:kayn,Seed region association; confirm multi-region nuance during enrichment.,PENDING,TRUE
claim:00065,char:kennen,Kennen,ASSOCIATED_WITH_REGION,,Ionia,STRUCTURAL,DERIVED,CURRENT_OR_REVIEW,MAIN_RUNETERRA,src:riot-bio:kennen|src:wiki-universe:kennen,Seed region association; confirm multi-region nuance during enrichment.,PENDING,TRUE
claim:00066,char:kha-zix,Kha'Zix,ASSOCIATED_WITH_REGION,,The Void,STRUCTURAL,DERIVED,CURRENT_OR_REVIEW,MAIN_RUNETERRA,src:riot-bio:kha-zix|src:wiki-universe:kha-zix,Seed region association; confirm multi-region nuance during enrichment.,PENDING,TRUE
claim:00067,char:kindred,Kindred,ASSOCIATED_WITH_REGION,,Runeterra / Spirit Realm,STRUCTURAL,DERIVED,CURRENT_OR_REVIEW,MAIN_RUNETERRA,src:riot-bio:kindred|src:wiki-universe:kindred,Seed region association; confirm multi-region nuance during enrichment.,PENDING,TRUE
claim:00068,char:kled,Kled,ASSOCIATED_WITH_REGION,,Noxus,STRUCTURAL,DERIVED,CURRENT_OR_REVIEW,MAIN_RUNETERRA,src:riot-bio:kled|src:wiki-universe:kled,Seed region association; confirm multi-region nuance during enrichment.,PENDING,TRUE
claim:00069,char:kog-maw,Kog'Maw,ASSOCIATED_WITH_REGION,,The Void,STRUCTURAL,DERIVED,CURRENT_OR_REVIEW,MAIN_RUNETERRA,src:riot-bio:kog-maw|src:wiki-universe:kog-maw,Seed region association; confirm multi-region nuance during enrichment.,PENDING,TRUE
claim:00070,char:leblanc,LeBlanc,ASSOCIATED_WITH_REGION,,Noxus,STRUCTURAL,DERIVED,CURRENT_OR_REVIEW,MAIN_RUNETERRA,src:riot-bio:leblanc|src:wiki-universe:leblanc,Seed region association; confirm multi-region nuance during enrichment.,PENDING,TRUE
claim:00071,char:lee-sin,Lee Sin,ASSOCIATED_WITH_REGION,,Ionia,STRUCTURAL,DERIVED,CURRENT_OR_REVIEW,MAIN_RUNETERRA,src:riot-bio:lee-sin|src:wiki-universe:lee-sin,Seed region association; confirm multi-region nuance during enrichment.,PENDING,TRUE
claim:00072,char:leona,Leona,ASSOCIATED_WITH_REGION,,Targon,STRUCTURAL,DERIVED,CURRENT_OR_REVIEW,MAIN_RUNETERRA,src:riot-bio:leona|src:wiki-universe:leona,Seed region association; confirm multi-region nuance during enrichment.,PENDING,TRUE
claim:00073,char:lillia,Lillia,ASSOCIATED_WITH_REGION,,Ionia,STRUCTURAL,DERIVED,CURRENT_OR_REVIEW,MAIN_RUNETERRA,src:riot-bio:lillia|src:wiki-universe:lillia,Seed region association; confirm multi-region nuance during enrichment.,PENDING,TRUE
claim:00074,char:lissandra,Lissandra,ASSOCIATED_WITH_REGION,,Freljord,STRUCTURAL,DERIVED,CURRENT_OR_REVIEW,MAIN_RUNETERRA,src:riot-bio:lissandra|src:wiki-universe:lissandra,Seed region association; confirm multi-region nuance during enrichment.,PENDING,TRUE
claim:00075,char:locke,Locke,ASSOCIATED_WITH_REGION,,Demacia,STRUCTURAL,DERIVED,CURRENT_OR_REVIEW,MAIN_RUNETERRA,src:riot-bio:locke|src:wiki-universe:locke,Seed region association; confirm multi-region nuance during enrichment.,PENDING,TRUE
claim:00076,char:lucian,Lucian,ASSOCIATED_WITH_REGION,,Demacia / Shadow Isles,STRUCTURAL,DERIVED,CURRENT_OR_REVIEW,MAIN_RUNETERRA,src:riot-bio:lucian|src:wiki-universe:lucian,Seed region association; confirm multi-region nuance during enrichment.,PENDING,TRUE
claim:00077,char:lulu,Lulu,ASSOCIATED_WITH_REGION,,Bandle City,STRUCTURAL,DERIVED,CURRENT_OR_REVIEW,MAIN_RUNETERRA,src:riot-bio:lulu|src:wiki-universe:lulu,Seed region association; confirm multi-region nuance during enrichment.,PENDING,TRUE
claim:00078,char:lux,Lux,ASSOCIATED_WITH_REGION,,Demacia,STRUCTURAL,DERIVED,CURRENT_OR_REVIEW,MAIN_RUNETERRA,src:riot-bio:lux|src:wiki-universe:lux,Seed region association; confirm multi-region nuance during enrichment.,PENDING,TRUE
claim:00079,char:malphite,Malphite,ASSOCIATED_WITH_REGION,,Ixtal / Shurima,STRUCTURAL,DERIVED,CURRENT_OR_REVIEW,MAIN_RUNETERRA,src:riot-bio:malphite|src:wiki-universe:malphite,Seed region association; confirm multi-region nuance during enrichment.,PENDING,TRUE
claim:00080,char:malzahar,Malzahar,ASSOCIATED_WITH_REGION,,Shurima / The Void,STRUCTURAL,DERIVED,CURRENT_OR_REVIEW,MAIN_RUNETERRA,src:riot-bio:malzahar|src:wiki-universe:malzahar,Seed region association; confirm multi-region nuance during enrichment.,PENDING,TRUE
claim:00081,char:maokai,Maokai,ASSOCIATED_WITH_REGION,,Shadow Isles,STRUCTURAL,DERIVED,CURRENT_OR_REVIEW,MAIN_RUNETERRA,src:riot-bio:maokai|src:wiki-universe:maokai,Seed region association; confirm multi-region nuance during enrichment.,PENDING,TRUE
claim:00082,char:master-yi,Master Yi,ASSOCIATED_WITH_REGION,,Ionia,STRUCTURAL,DERIVED,CURRENT_OR_REVIEW,MAIN_RUNETERRA,src:riot-bio:master-yi|src:wiki-universe:master-yi,Seed region association; confirm multi-region nuance during enrichment.,PENDING,TRUE
claim:00083,char:mel,Mel,ASSOCIATED_WITH_REGION,,Noxus / Piltover,STRUCTURAL,DERIVED,CURRENT_OR_REVIEW,MAIN_RUNETERRA,src:riot-bio:mel|src:wiki-universe:mel,Seed region association; confirm multi-region nuance during enrichment.,PENDING,TRUE
claim:00084,char:milio,Milio,ASSOCIATED_WITH_REGION,,Ixtal,STRUCTURAL,DERIVED,CURRENT_OR_REVIEW,MAIN_RUNETERRA,src:riot-bio:milio|src:wiki-universe:milio,Seed region association; confirm multi-region nuance during enrichment.,PENDING,TRUE
claim:00085,char:miss-fortune,Miss Fortune,ASSOCIATED_WITH_REGION,,Bilgewater,STRUCTURAL,DERIVED,CURRENT_OR_REVIEW,MAIN_RUNETERRA,src:riot-bio:miss-fortune|src:wiki-universe:miss-fortune,Seed region association; confirm multi-region nuance during enrichment.,PENDING,TRUE
claim:00086,char:mordekaiser,Mordekaiser,ASSOCIATED_WITH_REGION,,Noxus / Death Realm,STRUCTURAL,DERIVED,CURRENT_OR_REVIEW,MAIN_RUNETERRA,src:riot-bio:mordekaiser|src:wiki-universe:mordekaiser,Seed region association; confirm multi-region nuance during enrichment.,PENDING,TRUE
claim:00087,char:morgana,Morgana,ASSOCIATED_WITH_REGION,,Demacia / Targon,STRUCTURAL,DERIVED,CURRENT_OR_REVIEW,MAIN_RUNETERRA,src:riot-bio:morgana|src:wiki-universe:morgana,Seed region association; confirm multi-region nuance during enrichment.,PENDING,TRUE
claim:00088,char:naafiri,Naafiri,ASSOCIATED_WITH_REGION,,Shurima,STRUCTURAL,DERIVED,CURRENT_OR_REVIEW,MAIN_RUNETERRA,src:riot-bio:naafiri|src:wiki-universe:naafiri,Seed region association; confirm multi-region nuance during enrichment.,PENDING,TRUE
claim:00089,char:nami,Nami,ASSOCIATED_WITH_REGION,,Targon / Runeterra,STRUCTURAL,DERIVED,CURRENT_OR_REVIEW,MAIN_RUNETERRA,src:riot-bio:nami|src:wiki-universe:nami,Seed region association; confirm multi-region nuance during enrichment.,PENDING,TRUE
claim:00090,char:nasus,Nasus,ASSOCIATED_WITH_REGION,,Shurima,STRUCTURAL,DERIVED,CURRENT_OR_REVIEW,MAIN_RUNETERRA,src:riot-bio:nasus|src:wiki-universe:nasus,Seed region association; confirm multi-region nuance during enrichment.,PENDING,TRUE
claim:00091,char:nautilus,Nautilus,ASSOCIATED_WITH_REGION,,Bilgewater,STRUCTURAL,DERIVED,CURRENT_OR_REVIEW,MAIN_RUNETERRA,src:riot-bio:nautilus|src:wiki-universe:nautilus,Seed region association; confirm multi-region nuance during enrichment.,PENDING,TRUE
claim:00092,char:neeko,Neeko,ASSOCIATED_WITH_REGION,,Ixtal,STRUCTURAL,DERIVED,CURRENT_OR_REVIEW,MAIN_RUNETERRA,src:riot-bio:neeko|src:wiki-universe:neeko,Seed region association; confirm multi-region nuance during enrichment.,PENDING,TRUE
claim:00093,char:nidalee,Nidalee,ASSOCIATED_WITH_REGION,,Ixtal,STRUCTURAL,DERIVED,CURRENT_OR_REVIEW,MAIN_RUNETERRA,src:riot-bio:nidalee|src:wiki-universe:nidalee,Seed region association; confirm multi-region nuance during enrichment.,PENDING,TRUE
claim:00094,char:nilah,Nilah,ASSOCIATED_WITH_REGION,,Bilgewater / Kathkan,STRUCTURAL,DERIVED,CURRENT_OR_REVIEW,MAIN_RUNETERRA,src:riot-bio:nilah|src:wiki-universe:nilah,Seed region association; confirm multi-region nuance during enrichment.,PENDING,TRUE
claim:00095,char:nocturne,Nocturne,ASSOCIATED_WITH_REGION,,Runeterra / Spirit Realm,STRUCTURAL,DERIVED,CURRENT_OR_REVIEW,MAIN_RUNETERRA,src:riot-bio:nocturne|src:wiki-universe:nocturne,Seed region association; confirm multi-region nuance during enrichment.,PENDING,TRUE
claim:00096,char:nunu,Nunu & Willump,ASSOCIATED_WITH_REGION,,Freljord,STRUCTURAL,DERIVED,CURRENT_OR_REVIEW,MAIN_RUNETERRA,src:riot-bio:nunu|src:wiki-universe:nunu,Seed region association; confirm multi-region nuance during enrichment.,PENDING,TRUE
claim:00097,char:olaf,Olaf,ASSOCIATED_WITH_REGION,,Freljord,STRUCTURAL,DERIVED,CURRENT_OR_REVIEW,MAIN_RUNETERRA,src:riot-bio:olaf|src:wiki-universe:olaf,Seed region association; confirm multi-region nuance during enrichment.,PENDING,TRUE
claim:00098,char:orianna,Orianna,ASSOCIATED_WITH_REGION,,Piltover / Zaun,STRUCTURAL,DERIVED,CURRENT_OR_REVIEW,MAIN_RUNETERRA,src:riot-bio:orianna|src:wiki-universe:orianna,Seed region association; confirm multi-region nuance during enrichment.,PENDING,TRUE
claim:00099,char:ornn,Ornn,ASSOCIATED_WITH_REGION,,Freljord,STRUCTURAL,DERIVED,CURRENT_OR_REVIEW,MAIN_RUNETERRA,src:riot-bio:ornn|src:wiki-universe:ornn,Seed region association; confirm multi-region nuance during enrichment.,PENDING,TRUE
claim:00100,char:pantheon,Pantheon,ASSOCIATED_WITH_REGION,,Targon,STRUCTURAL,DERIVED,CURRENT_OR_REVIEW,MAIN_RUNETERRA,src:riot-bio:pantheon|src:wiki-universe:pantheon,Seed region association; confirm multi-region nuance during enrichment.,PENDING,TRUE
claim:00101,char:poppy,Poppy,ASSOCIATED_WITH_REGION,,Demacia,STRUCTURAL,DERIVED,CURRENT_OR_REVIEW,MAIN_RUNETERRA,src:riot-bio:poppy|src:wiki-universe:poppy,Seed region association; confirm multi-region nuance during enrichment.,PENDING,TRUE
claim:00102,char:pyke,Pyke,ASSOCIATED_WITH_REGION,,Bilgewater,STRUCTURAL,DERIVED,CURRENT_OR_REVIEW,MAIN_RUNETERRA,src:riot-bio:pyke|src:wiki-universe:pyke,Seed region association; confirm multi-region nuance during enrichment.,PENDING,TRUE
claim:00103,char:qiyana,Qiyana,ASSOCIATED_WITH_REGION,,Ixtal,STRUCTURAL,DERIVED,CURRENT_OR_REVIEW,MAIN_RUNETERRA,src:riot-bio:qiyana|src:wiki-universe:qiyana,Seed region association; confirm multi-region nuance during enrichment.,PENDING,TRUE
claim:00104,char:quinn,Quinn,ASSOCIATED_WITH_REGION,,Demacia,STRUCTURAL,DERIVED,CURRENT_OR_REVIEW,MAIN_RUNETERRA,src:riot-bio:quinn|src:wiki-universe:quinn,Seed region association; confirm multi-region nuance during enrichment.,PENDING,TRUE
claim:00105,char:rakan,Rakan,ASSOCIATED_WITH_REGION,,Ionia,STRUCTURAL,DERIVED,CURRENT_OR_REVIEW,MAIN_RUNETERRA,src:riot-bio:rakan|src:wiki-universe:rakan,Seed region association; confirm multi-region nuance during enrichment.,PENDING,TRUE
claim:00106,char:rammus,Rammus,ASSOCIATED_WITH_REGION,,Shurima,STRUCTURAL,DERIVED,CURRENT_OR_REVIEW,MAIN_RUNETERRA,src:riot-bio:rammus|src:wiki-universe:rammus,Seed region association; confirm multi-region nuance during enrichment.,PENDING,TRUE
claim:00107,char:rek-sai,Rek'Sai,ASSOCIATED_WITH_REGION,,Shurima / The Void,STRUCTURAL,DERIVED,CURRENT_OR_REVIEW,MAIN_RUNETERRA,src:riot-bio:rek-sai|src:wiki-universe:rek-sai,Seed region association; confirm multi-region nuance during enrichment.,PENDING,TRUE
claim:00108,char:rell,Rell,ASSOCIATED_WITH_REGION,,Noxus,STRUCTURAL,DERIVED,CURRENT_OR_REVIEW,MAIN_RUNETERRA,src:riot-bio:rell|src:wiki-universe:rell,Seed region association; confirm multi-region nuance during enrichment.,PENDING,TRUE
claim:00109,char:renata-glasc,Renata Glasc,ASSOCIATED_WITH_REGION,,Zaun,STRUCTURAL,DERIVED,CURRENT_OR_REVIEW,MAIN_RUNETERRA,src:riot-bio:renata-glasc|src:wiki-universe:renata-glasc,Seed region association; confirm multi-region nuance during enrichment.,PENDING,TRUE
claim:00110,char:renekton,Renekton,ASSOCIATED_WITH_REGION,,Shurima,STRUCTURAL,DERIVED,CURRENT_OR_REVIEW,MAIN_RUNETERRA,src:riot-bio:renekton|src:wiki-universe:renekton,Seed region association; confirm multi-region nuance during enrichment.,PENDING,TRUE
claim:00111,char:rengar,Rengar,ASSOCIATED_WITH_REGION,,Ixtal,STRUCTURAL,DERIVED,CURRENT_OR_REVIEW,MAIN_RUNETERRA,src:riot-bio:rengar|src:wiki-universe:rengar,Seed region association; confirm multi-region nuance during enrichment.,PENDING,TRUE
claim:00112,char:riven,Riven,ASSOCIATED_WITH_REGION,,Noxus / Ionia,STRUCTURAL,DERIVED,CURRENT_OR_REVIEW,MAIN_RUNETERRA,src:riot-bio:riven|src:wiki-universe:riven,Seed region association; confirm multi-region nuance during enrichment.,PENDING,TRUE
claim:00113,char:rumble,Rumble,ASSOCIATED_WITH_REGION,,Bandle City,STRUCTURAL,DERIVED,CURRENT_OR_REVIEW,MAIN_RUNETERRA,src:riot-bio:rumble|src:wiki-universe:rumble,Seed region association; confirm multi-region nuance during enrichment.,PENDING,TRUE
claim:00114,char:ryze,Ryze,ASSOCIATED_WITH_REGION,,Runeterra,STRUCTURAL,DERIVED,CURRENT_OR_REVIEW,MAIN_RUNETERRA,src:riot-bio:ryze|src:wiki-universe:ryze,Seed region association; confirm multi-region nuance during enrichment.,PENDING,TRUE
claim:00115,char:samira,Samira,ASSOCIATED_WITH_REGION,,Noxus / Shurima,STRUCTURAL,DERIVED,CURRENT_OR_REVIEW,MAIN_RUNETERRA,src:riot-bio:samira|src:wiki-universe:samira,Seed region association; confirm multi-region nuance during enrichment.,PENDING,TRUE
claim:00116,char:sejuani,Sejuani,ASSOCIATED_WITH_REGION,,Freljord,STRUCTURAL,DERIVED,CURRENT_OR_REVIEW,MAIN_RUNETERRA,src:riot-bio:sejuani|src:wiki-universe:sejuani,Seed region association; confirm multi-region nuance during enrichment.,PENDING,TRUE
claim:00117,char:senna,Senna,ASSOCIATED_WITH_REGION,,Demacia / Shadow Isles,STRUCTURAL,DERIVED,CURRENT_OR_REVIEW,MAIN_RUNETERRA,src:riot-bio:senna|src:wiki-universe:senna,Seed region association; confirm multi-region nuance during enrichment.,PENDING,TRUE
claim:00118,char:seraphine,Seraphine,ASSOCIATED_WITH_REGION,,Piltover / Zaun,STRUCTURAL,DERIVED,CURRENT_OR_REVIEW,MAIN_RUNETERRA,src:riot-bio:seraphine|src:wiki-universe:seraphine,Seed region association; confirm multi-region nuance during enrichment.,PENDING,TRUE
claim:00119,char:sett,Sett,ASSOCIATED_WITH_REGION,,Ionia,STRUCTURAL,DERIVED,CURRENT_OR_REVIEW,MAIN_RUNETERRA,src:riot-bio:sett|src:wiki-universe:sett,Seed region association; confirm multi-region nuance during enrichment.,PENDING,TRUE
claim:00120,char:shaco,Shaco,ASSOCIATED_WITH_REGION,,Unknown,STRUCTURAL,DERIVED,CURRENT_OR_REVIEW,MAIN_RUNETERRA,src:riot-bio:shaco|src:wiki-universe:shaco,Seed region association; confirm multi-region nuance during enrichment.,PENDING,TRUE
claim:00121,char:shen,Shen,ASSOCIATED_WITH_REGION,,Ionia,STRUCTURAL,DERIVED,CURRENT_OR_REVIEW,MAIN_RUNETERRA,src:riot-bio:shen|src:wiki-universe:shen,Seed region association; confirm multi-region nuance during enrichment.,PENDING,TRUE
claim:00122,char:shyvana,Shyvana,ASSOCIATED_WITH_REGION,,Demacia,STRUCTURAL,DERIVED,CURRENT_OR_REVIEW,MAIN_RUNETERRA,src:riot-bio:shyvana|src:wiki-universe:shyvana,Seed region association; confirm multi-region nuance during enrichment.,PENDING,TRUE
claim:00123,char:singed,Singed,ASSOCIATED_WITH_REGION,,Zaun,STRUCTURAL,DERIVED,CURRENT_OR_REVIEW,MAIN_RUNETERRA,src:riot-bio:singed|src:wiki-universe:singed,Seed region association; confirm multi-region nuance during enrichment.,PENDING,TRUE
claim:00124,char:sion,Sion,ASSOCIATED_WITH_REGION,,Noxus,STRUCTURAL,DERIVED,CURRENT_OR_REVIEW,MAIN_RUNETERRA,src:riot-bio:sion|src:wiki-universe:sion,Seed region association; confirm multi-region nuance during enrichment.,PENDING,TRUE
claim:00125,char:sivir,Sivir,ASSOCIATED_WITH_REGION,,Shurima,STRUCTURAL,DERIVED,CURRENT_OR_REVIEW,MAIN_RUNETERRA,src:riot-bio:sivir|src:wiki-universe:sivir,Seed region association; confirm multi-region nuance during enrichment.,PENDING,TRUE
claim:00126,char:skarner,Skarner,ASSOCIATED_WITH_REGION,,Ixtal,STRUCTURAL,DERIVED,CURRENT_OR_REVIEW,MAIN_RUNETERRA,src:riot-bio:skarner|src:wiki-universe:skarner,Seed region association; confirm multi-region nuance during enrichment.,PENDING,TRUE
claim:00127,char:smolder,Smolder,ASSOCIATED_WITH_REGION,,Camavor / Demacia,STRUCTURAL,DERIVED,CURRENT_OR_REVIEW,MAIN_RUNETERRA,src:riot-bio:smolder|src:wiki-universe:smolder,Seed region association; confirm multi-region nuance during enrichment.,PENDING,TRUE
claim:00128,char:sona,Sona,ASSOCIATED_WITH_REGION,,Demacia / Ionia,STRUCTURAL,DERIVED,CURRENT_OR_REVIEW,MAIN_RUNETERRA,src:riot-bio:sona|src:wiki-universe:sona,Seed region association; confirm multi-region nuance during enrichment.,PENDING,TRUE
claim:00129,char:soraka,Soraka,ASSOCIATED_WITH_REGION,,Targon,STRUCTURAL,DERIVED,CURRENT_OR_REVIEW,MAIN_RUNETERRA,src:riot-bio:soraka|src:wiki-universe:soraka,Seed region association; confirm multi-region nuance during enrichment.,PENDING,TRUE
claim:00130,char:swain,Swain,ASSOCIATED_WITH_REGION,,Noxus,STRUCTURAL,DERIVED,CURRENT_OR_REVIEW,MAIN_RUNETERRA,src:riot-bio:swain|src:wiki-universe:swain,Seed region association; confirm multi-region nuance during enrichment.,PENDING,TRUE
claim:00131,char:sylas,Sylas,ASSOCIATED_WITH_REGION,,Demacia,STRUCTURAL,DERIVED,CURRENT_OR_REVIEW,MAIN_RUNETERRA,src:riot-bio:sylas|src:wiki-universe:sylas,Seed region association; confirm multi-region nuance during enrichment.,PENDING,TRUE
claim:00132,char:syndra,Syndra,ASSOCIATED_WITH_REGION,,Ionia,STRUCTURAL,DERIVED,CURRENT_OR_REVIEW,MAIN_RUNETERRA,src:riot-bio:syndra|src:wiki-universe:syndra,Seed region association; confirm multi-region nuance during enrichment.,PENDING,TRUE
claim:00133,char:tahm-kench,Tahm Kench,ASSOCIATED_WITH_REGION,,Runeterra,STRUCTURAL,DERIVED,CURRENT_OR_REVIEW,MAIN_RUNETERRA,src:riot-bio:tahm-kench|src:wiki-universe:tahm-kench,Seed region association; confirm multi-region nuance during enrichment.,PENDING,TRUE
claim:00134,char:taliyah,Taliyah,ASSOCIATED_WITH_REGION,,Shurima,STRUCTURAL,DERIVED,CURRENT_OR_REVIEW,MAIN_RUNETERRA,src:riot-bio:taliyah|src:wiki-universe:taliyah,Seed region association; confirm multi-region nuance during enrichment.,PENDING,TRUE
claim:00135,char:talon,Talon,ASSOCIATED_WITH_REGION,,Noxus,STRUCTURAL,DERIVED,CURRENT_OR_REVIEW,MAIN_RUNETERRA,src:riot-bio:talon|src:wiki-universe:talon,Seed region association; confirm multi-region nuance during enrichment.,PENDING,TRUE
claim:00136,char:taric,Taric,ASSOCIATED_WITH_REGION,,Targon / Demacia,STRUCTURAL,DERIVED,CURRENT_OR_REVIEW,MAIN_RUNETERRA,src:riot-bio:taric|src:wiki-universe:taric,Seed region association; confirm multi-region nuance during enrichment.,PENDING,TRUE
claim:00137,char:teemo,Teemo,ASSOCIATED_WITH_REGION,,Bandle City,STRUCTURAL,DERIVED,CURRENT_OR_REVIEW,MAIN_RUNETERRA,src:riot-bio:teemo|src:wiki-universe:teemo,Seed region association; confirm multi-region nuance during enrichment.,PENDING,TRUE
claim:00138,char:thresh,Thresh,ASSOCIATED_WITH_REGION,,Shadow Isles,STRUCTURAL,DERIVED,CURRENT_OR_REVIEW,MAIN_RUNETERRA,src:riot-bio:thresh|src:wiki-universe:thresh,Seed region association; confirm multi-region nuance during enrichment.,PENDING,TRUE
claim:00139,char:tristana,Tristana,ASSOCIATED_WITH_REGION,,Bandle City,STRUCTURAL,DERIVED,CURRENT_OR_REVIEW,MAIN_RUNETERRA,src:riot-bio:tristana|src:wiki-universe:tristana,Seed region association; confirm multi-region nuance during enrichment.,PENDING,TRUE
claim:00140,char:trundle,Trundle,ASSOCIATED_WITH_REGION,,Freljord,STRUCTURAL,DERIVED,CURRENT_OR_REVIEW,MAIN_RUNETERRA,src:riot-bio:trundle|src:wiki-universe:trundle,Seed region association; confirm multi-region nuance during enrichment.,PENDING,TRUE
claim:00141,char:tryndamere,Tryndamere,ASSOCIATED_WITH_REGION,,Freljord,STRUCTURAL,DERIVED,CURRENT_OR_REVIEW,MAIN_RUNETERRA,src:riot-bio:tryndamere|src:wiki-universe:tryndamere,Seed region association; confirm multi-region nuance during enrichment.,PENDING,TRUE
claim:00142,char:twisted-fate,Twisted Fate,ASSOCIATED_WITH_REGION,,Bilgewater,STRUCTURAL,DERIVED,CURRENT_OR_REVIEW,MAIN_RUNETERRA,src:riot-bio:twisted-fate|src:wiki-universe:twisted-fate,Seed region association; confirm multi-region nuance during enrichment.,PENDING,TRUE
claim:00143,char:twitch,Twitch,ASSOCIATED_WITH_REGION,,Zaun,STRUCTURAL,DERIVED,CURRENT_OR_REVIEW,MAIN_RUNETERRA,src:riot-bio:twitch|src:wiki-universe:twitch,Seed region association; confirm multi-region nuance during enrichment.,PENDING,TRUE
claim:00144,char:udyr,Udyr,ASSOCIATED_WITH_REGION,,Freljord / Ionia,STRUCTURAL,DERIVED,CURRENT_OR_REVIEW,MAIN_RUNETERRA,src:riot-bio:udyr|src:wiki-universe:udyr,Seed region association; confirm multi-region nuance during enrichment.,PENDING,TRUE
claim:00145,char:urgot,Urgot,ASSOCIATED_WITH_REGION,,Zaun / Noxus,STRUCTURAL,DERIVED,CURRENT_OR_REVIEW,MAIN_RUNETERRA,src:riot-bio:urgot|src:wiki-universe:urgot,Seed region association; confirm multi-region nuance during enrichment.,PENDING,TRUE
claim:00146,char:varus,Varus,ASSOCIATED_WITH_REGION,,Ionia / Shurima,STRUCTURAL,DERIVED,CURRENT_OR_REVIEW,MAIN_RUNETERRA,src:riot-bio:varus|src:wiki-universe:varus,Seed region association; confirm multi-region nuance during enrichment.,PENDING,TRUE
claim:00147,char:vayne,Vayne,ASSOCIATED_WITH_REGION,,Demacia,STRUCTURAL,DERIVED,CURRENT_OR_REVIEW,MAIN_RUNETERRA,src:riot-bio:vayne|src:wiki-universe:vayne,Seed region association; confirm multi-region nuance during enrichment.,PENDING,TRUE
claim:00148,char:veigar,Veigar,ASSOCIATED_WITH_REGION,,Bandle City / Noxus,STRUCTURAL,DERIVED,CURRENT_OR_REVIEW,MAIN_RUNETERRA,src:riot-bio:veigar|src:wiki-universe:veigar,Seed region association; confirm multi-region nuance during enrichment.,PENDING,TRUE
claim:00149,char:vel-koz,Vel'Koz,ASSOCIATED_WITH_REGION,,The Void,STRUCTURAL,DERIVED,CURRENT_OR_REVIEW,MAIN_RUNETERRA,src:riot-bio:vel-koz|src:wiki-universe:vel-koz,Seed region association; confirm multi-region nuance during enrichment.,PENDING,TRUE
claim:00150,char:vex,Vex,ASSOCIATED_WITH_REGION,,Shadow Isles / Bandle City,STRUCTURAL,DERIVED,CURRENT_OR_REVIEW,MAIN_RUNETERRA,src:riot-bio:vex|src:wiki-universe:vex,Seed region association; confirm multi-region nuance during enrichment.,PENDING,TRUE
claim:00151,char:vi,Vi,ASSOCIATED_WITH_REGION,,Piltover / Zaun,STRUCTURAL,DERIVED,CURRENT_OR_REVIEW,MAIN_RUNETERRA,src:riot-bio:vi|src:wiki-universe:vi,Seed region association; confirm multi-region nuance during enrichment.,PENDING,TRUE
claim:00152,char:viego,Viego,ASSOCIATED_WITH_REGION,,Camavor / Shadow Isles,STRUCTURAL,DERIVED,CURRENT_OR_REVIEW,MAIN_RUNETERRA,src:riot-bio:viego|src:wiki-universe:viego,Seed region association; confirm multi-region nuance during enrichment.,PENDING,TRUE
claim:00153,char:viktor,Viktor,ASSOCIATED_WITH_REGION,,Zaun / Piltover,STRUCTURAL,DERIVED,CURRENT_OR_REVIEW,MAIN_RUNETERRA,src:riot-bio:viktor|src:wiki-universe:viktor,Seed region association; confirm multi-region nuance during enrichment.,PENDING,TRUE
claim:00154,char:vladimir,Vladimir,ASSOCIATED_WITH_REGION,,Noxus / Camavor,STRUCTURAL,DERIVED,CURRENT_OR_REVIEW,MAIN_RUNETERRA,src:riot-bio:vladimir|src:wiki-universe:vladimir,Seed region association; confirm multi-region nuance during enrichment.,PENDING,TRUE
claim:00155,char:volibear,Volibear,ASSOCIATED_WITH_REGION,,Freljord,STRUCTURAL,DERIVED,CURRENT_OR_REVIEW,MAIN_RUNETERRA,src:riot-bio:volibear|src:wiki-universe:volibear,Seed region association; confirm multi-region nuance during enrichment.,PENDING,TRUE
claim:00156,char:warwick,Warwick,ASSOCIATED_WITH_REGION,,Zaun,STRUCTURAL,DERIVED,CURRENT_OR_REVIEW,MAIN_RUNETERRA,src:riot-bio:warwick|src:wiki-universe:warwick,Seed region association; confirm multi-region nuance during enrichment.,PENDING,TRUE
claim:00157,char:wukong,Wukong,ASSOCIATED_WITH_REGION,,Ionia,STRUCTURAL,DERIVED,CURRENT_OR_REVIEW,MAIN_RUNETERRA,src:riot-bio:wukong|src:wiki-universe:wukong,Seed region association; confirm multi-region nuance during enrichment.,PENDING,TRUE
claim:00158,char:xayah,Xayah,ASSOCIATED_WITH_REGION,,Ionia,STRUCTURAL,DERIVED,CURRENT_OR_REVIEW,MAIN_RUNETERRA,src:riot-bio:xayah|src:wiki-universe:xayah,Seed region association; confirm multi-region nuance during enrichment.,PENDING,TRUE
claim:00159,char:xerath,Xerath,ASSOCIATED_WITH_REGION,,Shurima,STRUCTURAL,DERIVED,CURRENT_OR_REVIEW,MAIN_RUNETERRA,src:riot-bio:xerath|src:wiki-universe:xerath,Seed region association; confirm multi-region nuance during enrichment.,PENDING,TRUE
claim:00160,char:xin-zhao,Xin Zhao,ASSOCIATED_WITH_REGION,,Demacia / Ionia,STRUCTURAL,DERIVED,CURRENT_OR_REVIEW,MAIN_RUNETERRA,src:riot-bio:xin-zhao|src:wiki-universe:xin-zhao,Seed region association; confirm multi-region nuance during enrichment.,PENDING,TRUE
claim:00161,char:yasuo,Yasuo,ASSOCIATED_WITH_REGION,,Ionia,STRUCTURAL,DERIVED,CURRENT_OR_REVIEW,MAIN_RUNETERRA,src:riot-bio:yasuo|src:wiki-universe:yasuo,Seed region association; confirm multi-region nuance during enrichment.,PENDING,TRUE
claim:00162,char:yone,Yone,ASSOCIATED_WITH_REGION,,Ionia,STRUCTURAL,DERIVED,CURRENT_OR_REVIEW,MAIN_RUNETERRA,src:riot-bio:yone|src:wiki-universe:yone,Seed region association; confirm multi-region nuance during enrichment.,PENDING,TRUE
claim:00163,char:yorick,Yorick,ASSOCIATED_WITH_REGION,,Shadow Isles,STRUCTURAL,DERIVED,CURRENT_OR_REVIEW,MAIN_RUNETERRA,src:riot-bio:yorick|src:wiki-universe:yorick,Seed region association; confirm multi-region nuance during enrichment.,PENDING,TRUE
claim:00164,char:yunara,Yunara,ASSOCIATED_WITH_REGION,,Ionia,STRUCTURAL,DERIVED,CURRENT_OR_REVIEW,MAIN_RUNETERRA,src:riot-bio:yunara|src:wiki-universe:yunara,Seed region association; confirm multi-region nuance during enrichment.,PENDING,TRUE
claim:00165,char:yuumi,Yuumi,ASSOCIATED_WITH_REGION,,Bandle City,STRUCTURAL,DERIVED,CURRENT_OR_REVIEW,MAIN_RUNETERRA,src:riot-bio:yuumi|src:wiki-universe:yuumi,Seed region association; confirm multi-region nuance during enrichment.,PENDING,TRUE
claim:00166,char:zaahen,Zaahen,ASSOCIATED_WITH_REGION,,Shurima / Darkin,STRUCTURAL,DERIVED,CURRENT_OR_REVIEW,MAIN_RUNETERRA,src:riot-bio:zaahen|src:wiki-universe:zaahen,Seed region association; confirm multi-region nuance during enrichment.,PENDING,TRUE
claim:00167,char:zac,Zac,ASSOCIATED_WITH_REGION,,Zaun,STRUCTURAL,DERIVED,CURRENT_OR_REVIEW,MAIN_RUNETERRA,src:riot-bio:zac|src:wiki-universe:zac,Seed region association; confirm multi-region nuance during enrichment.,PENDING,TRUE
claim:00168,char:zed,Zed,ASSOCIATED_WITH_REGION,,Ionia,STRUCTURAL,DERIVED,CURRENT_OR_REVIEW,MAIN_RUNETERRA,src:riot-bio:zed|src:wiki-universe:zed,Seed region association; confirm multi-region nuance during enrichment.,PENDING,TRUE
claim:00169,char:zeri,Zeri,ASSOCIATED_WITH_REGION,,Zaun,STRUCTURAL,DERIVED,CURRENT_OR_REVIEW,MAIN_RUNETERRA,src:riot-bio:zeri|src:wiki-universe:zeri,Seed region association; confirm multi-region nuance during enrichment.,PENDING,TRUE
claim:00170,char:ziggs,Ziggs,ASSOCIATED_WITH_REGION,,Zaun / Bandle City,STRUCTURAL,DERIVED,CURRENT_OR_REVIEW,MAIN_RUNETERRA,src:riot-bio:ziggs|src:wiki-universe:ziggs,Seed region association; confirm multi-region nuance during enrichment.,PENDING,TRUE
claim:00171,char:zilean,Zilean,ASSOCIATED_WITH_REGION,,Icathia / Shurima,STRUCTURAL,DERIVED,CURRENT_OR_REVIEW,MAIN_RUNETERRA,src:riot-bio:zilean|src:wiki-universe:zilean,Seed region association; confirm multi-region nuance during enrichment.,PENDING,TRUE
claim:00172,char:zoe,Zoe,ASSOCIATED_WITH_REGION,,Targon,STRUCTURAL,DERIVED,CURRENT_OR_REVIEW,MAIN_RUNETERRA,src:riot-bio:zoe|src:wiki-universe:zoe,Seed region association; confirm multi-region nuance during enrichment.,PENDING,TRUE
claim:00173,char:zyra,Zyra,ASSOCIATED_WITH_REGION,,Ixtal,STRUCTURAL,DERIVED,CURRENT_OR_REVIEW,MAIN_RUNETERRA,src:riot-bio:zyra|src:wiki-universe:zyra,Seed region association; confirm multi-region nuance during enrichment.,PENDING,TRUE
claim:00174,char:aatrox,Aatrox,ENEMY,char:pantheon,Pantheon,RELATIONSHIP,DOCUMENTED,CURRENT_CANON,MAIN_RUNETERRA,src:riot-bio:aatrox|src:riot-bio:pantheon,Aatrox killed the celestial Aspect of War inhabiting Atreus; Atreus survived and later opposed Aatrox.,PENDING,TRUE
claim:00175,char:akali,Akali,MENTOR_STUDENT,char:shen,Shen,RELATIONSHIP,DOCUMENTED,CURRENT_CANON,MAIN_RUNETERRA,src:riot-bio:akali|src:riot-bio:shen,Akali trained under Shen within the Kinkou before leaving the order.,PENDING,TRUE
claim:00176,char:akali,Akali,KINKOU,char:kennen,Kennen,RELATIONSHIP,STRONG,CURRENT_CANON,MAIN_RUNETERRA,src:riot-bio:akali|src:riot-bio:kennen,Akali and Kennen are tied through the Kinkou Order.,PENDING,TRUE
claim:00177,char:ashe,Ashe,RIVAL,char:sejuani,Sejuani,RELATIONSHIP,DOCUMENTED,CURRENT_CANON,MAIN_RUNETERRA,src:riot-bio:ashe|src:riot-bio:sejuani,Ashe and Sejuani are rival Freljordian war leaders with conflicting visions for the region.,PENDING,TRUE
claim:00178,char:ashe,Ashe,SPOUSES,char:tryndamere,Tryndamere,RELATIONSHIP,DOCUMENTED,CURRENT_CANON,MAIN_RUNETERRA,src:riot-bio:ashe|src:riot-bio:tryndamere,Ashe and Tryndamere are oathbound spouses and political allies.,PENDING,TRUE
claim:00179,char:azir,Azir,ENEMIES,char:xerath,Xerath,RELATIONSHIP,DOCUMENTED,CURRENT_CANON,MAIN_RUNETERRA,src:riot-bio:azir|src:riot-bio:xerath,"Xerath betrayed Azir at the moment of Ascension, causing Shurima's fall.",PENDING,TRUE
claim:00180,char:azir,Azir,ANCESTOR_DESCENDANT,char:sivir,Sivir,RELATIONSHIP,DOCUMENTED,CURRENT_CANON,MAIN_RUNETERRA,src:riot-bio:azir|src:riot-bio:sivir,Sivir's bloodline is tied to Azir and enables his return.,PENDING,TRUE
claim:00181,char:nasus,Nasus,BROTHERS,char:renekton,Renekton,RELATIONSHIP,DOCUMENTED,CURRENT_CANON,MAIN_RUNETERRA,src:riot-bio:nasus|src:riot-bio:renekton,Nasus and Renekton are brothers who became Ascended.,PENDING,TRUE
claim:00182,char:nasus,Nasus,ENEMIES,char:xerath,Xerath,RELATIONSHIP,DOCUMENTED,CURRENT_CANON,MAIN_RUNETERRA,src:riot-bio:nasus|src:riot-bio:xerath,Nasus opposed Xerath after the fall of Shurima and Renekton's imprisonment.,PENDING,TRUE
claim:00183,char:renekton,Renekton,ENEMIES,char:xerath,Xerath,RELATIONSHIP,DOCUMENTED,CURRENT_CANON,MAIN_RUNETERRA,src:riot-bio:renekton|src:riot-bio:xerath,"Renekton and Xerath were trapped together, with Xerath poisoning Renekton's mind against Nasus.",PENDING,TRUE
claim:00184,char:caitlyn,Caitlyn,PARTNERS,char:vi,Vi,RELATIONSHIP,DOCUMENTED,CURRENT_CANON,MAIN_RUNETERRA,src:riot-bio:caitlyn|src:riot-bio:vi,Caitlyn and Vi operate as partners in Piltover law enforcement.,PENDING,TRUE
claim:00185,char:jinx,Jinx,SISTERS,char:vi,Vi,RELATIONSHIP,DOCUMENTED,RECONCILIATION_PENDING,MAIN_RUNETERRA,src:riot-bio:jinx|src:riot-bio:vi,Jinx and Vi are sisters whose relationship is central to Piltover and Zaun's modern conflict.,PENDING,TRUE
claim:00186,char:darius,Darius,BROTHERS,char:draven,Draven,RELATIONSHIP,DOCUMENTED,CURRENT_CANON,MAIN_RUNETERRA,src:riot-bio:darius|src:riot-bio:draven,Darius and Draven are brothers from Noxus.,PENDING,TRUE
claim:00187,char:garen,Garen,SIBLINGS,char:lux,Lux,RELATIONSHIP,DOCUMENTED,CURRENT_CANON,MAIN_RUNETERRA,src:riot-bio:garen|src:riot-bio:lux,Garen and Lux are siblings of House Crownguard.,PENDING,TRUE
claim:00188,char:katarina,Katarina,SISTERS,char:cassiopeia,Cassiopeia,RELATIONSHIP,DOCUMENTED,CURRENT_CANON,MAIN_RUNETERRA,src:riot-bio:katarina|src:riot-bio:cassiopeia,Katarina and Cassiopeia are sisters of the Du Couteau family.,PENDING,TRUE
claim:00189,char:kayle,Kayle,SISTERS,char:morgana,Morgana,RELATIONSHIP,DOCUMENTED,CURRENT_CANON,MAIN_RUNETERRA,src:riot-bio:kayle|src:riot-bio:morgana,"Kayle and Morgana are twin sisters, daughters of a Targonian Aspect host.",PENDING,TRUE
claim:00190,char:yasuo,Yasuo,BROTHERS,char:yone,Yone,RELATIONSHIP,DOCUMENTED,CURRENT_CANON,MAIN_RUNETERRA,src:riot-bio:yasuo|src:riot-bio:yone,"Yasuo and Yone are brothers; Yasuo killed Yone in their duel, and Yone later returned.",PENDING,TRUE
claim:00191,char:xayah,Xayah,LOVERS,char:rakan,Rakan,RELATIONSHIP,DOCUMENTED,CURRENT_CANON,MAIN_RUNETERRA,src:riot-bio:xayah|src:riot-bio:rakan,Xayah and Rakan are romantic partners and rebel allies.,PENDING,TRUE
claim:00192,char:lucian,Lucian,SPOUSES,char:senna,Senna,RELATIONSHIP,DOCUMENTED,CURRENT_CANON,MAIN_RUNETERRA,src:riot-bio:lucian|src:riot-bio:senna,Lucian and Senna are married Sentinels of Light.,PENDING,TRUE
claim:00193,char:senna,Senna,CAPTOR_VICTIM,char:thresh,Thresh,RELATIONSHIP,DOCUMENTED,CURRENT_CANON,MAIN_RUNETERRA,src:riot-bio:senna|src:riot-bio:thresh,Thresh imprisoned Senna's soul in his lantern before Lucian freed her.,PENDING,TRUE
claim:00194,char:lucian,Lucian,ENEMIES,char:thresh,Thresh,RELATIONSHIP,DOCUMENTED,CURRENT_CANON,MAIN_RUNETERRA,src:riot-bio:lucian|src:riot-bio:thresh,Lucian hunted Thresh after Senna was taken into the lantern.,PENDING,TRUE
claim:00195,char:viego,Viego,FAMILY,char:kalista,Kalista,RELATIONSHIP,DOCUMENTED,CURRENT_CANON,MAIN_RUNETERRA,src:riot-bio:viego|src:riot-bio:kalista,Kalista is Viego's niece and served Camavor before the Ruination.,PENDING,TRUE
claim:00196,char:swain,Swain,POLITICAL_ALLIES,char:darius,Darius,RELATIONSHIP,DOCUMENTED,CURRENT_CANON,MAIN_RUNETERRA,src:riot-bio:swain|src:riot-bio:darius,Swain and Darius are leading figures in Noxus's post-coup government.,PENDING,TRUE
claim:00197,char:irelia,Irelia,ENEMIES,char:swain,Swain,RELATIONSHIP,DOCUMENTED,CURRENT_CANON,MAIN_RUNETERRA,src:riot-bio:irelia|src:riot-bio:swain,Irelia fought Swain during the Noxian invasion of Ionia and severed his arm.,PENDING,TRUE
claim:00198,char:riven,Riven,SHARED_EVENT,char:yasuo,Yasuo,RELATIONSHIP,DOCUMENTED,CURRENT_CANON,MAIN_RUNETERRA,src:riot-bio:riven|src:riot-bio:yasuo,"Riven's broken runic blade was involved in Elder Souma's death, the crime for which Yasuo was blamed.",PENDING,TRUE
claim:00199,char:zed,Zed,RIVALS,char:shen,Shen,RELATIONSHIP,DOCUMENTED,CURRENT_CANON,MAIN_RUNETERRA,src:riot-bio:zed|src:riot-bio:shen,Zed and Shen were once close students before Zed's break from the Kinkou made them rivals.,PENDING,TRUE
claim:00200,char:zed,Zed,MENTOR_STUDENT,char:kayn,Kayn,RELATIONSHIP,DOCUMENTED,CURRENT_CANON,MAIN_RUNETERRA,src:riot-bio:zed|src:riot-bio:kayn,Zed is Kayn's master in the Order of Shadow.,PENDING,TRUE
claim:00201,char:shen,Shen,KINKOU_ALLIES,char:kennen,Kennen,RELATIONSHIP,DOCUMENTED,CURRENT_CANON,MAIN_RUNETERRA,src:riot-bio:shen|src:riot-bio:kennen,Shen and Kennen serve the Kinkou Order.,PENDING,TRUE
claim:00202,char:jhin,Jhin,ENEMIES,char:shen,Shen,RELATIONSHIP,DOCUMENTED,CURRENT_CANON,MAIN_RUNETERRA,src:riot-bio:jhin|src:riot-bio:shen,Shen helped hunt and capture Jhin before the virtuoso returned.,PENDING,TRUE
claim:00203,char:jhin,Jhin,ENEMIES,char:zed,Zed,RELATIONSHIP,DOCUMENTED,CURRENT_CANON,MAIN_RUNETERRA,src:riot-bio:jhin|src:riot-bio:zed,Zed was involved with Shen in hunting Jhin.,PENDING,TRUE
claim:00204,char:aatrox,Aatrox,DARKIN,char:varus,Varus,RELATIONSHIP,STRONG,CURRENT_CANON,MAIN_RUNETERRA,src:riot-bio:aatrox|src:riot-bio:varus,Aatrox and Varus are Darkin linked to the ancient wars of the fallen Ascended.,PENDING,TRUE
claim:00205,char:aatrox,Aatrox,DARKIN,char:naafiri,Naafiri,RELATIONSHIP,STRONG,CURRENT_CANON,MAIN_RUNETERRA,src:riot-bio:aatrox|src:riot-bio:naafiri,Aatrox and Naafiri are Darkin whose existence stems from the fallen Ascended.,PENDING,TRUE
claim:00206,char:kayn,Kayn,MENTOR_STUDENT,char:zed,Zed,RELATIONSHIP,DOCUMENTED,CURRENT_CANON,MAIN_RUNETERRA,src:riot-bio:kayn|src:riot-bio:zed,Kayn is Zed's most notable protégé.,PENDING,TRUE
claim:00207,char:kayn,Kayn,HOST_ENTITY,entity:rhaast,Rhaast,RELATIONSHIP,DOCUMENTED,CURRENT_CANON,MAIN_RUNETERRA,src:riot-bio:kayn,Kayn wields the Darkin scythe Rhaast and struggles against its possession.,PENDING,TRUE
claim:00208,char:kai-sa,Kai'Sa,FAMILY,char:kassadin,Kassadin,RELATIONSHIP,STRONG,CURRENT_CANON,MAIN_RUNETERRA,src:riot-bio:kai-sa|src:riot-bio:kassadin,Kai'Sa is widely established as Kassadin's lost daughter within current Void lore.,PENDING,TRUE
claim:00209,char:bel-veth,Bel'Veth,ADVERSARIES,char:kai-sa,Kai'Sa,RELATIONSHIP,DOCUMENTED,CURRENT_CANON,MAIN_RUNETERRA,src:riot-bio:bel-veth|src:riot-bio:kai-sa,Bel'Veth directly confronts Kai'Sa and attempts to use her against the Watchers.,PENDING,TRUE
claim:00210,char:leona,Leona,RIVALS,char:diana,Diana,RELATIONSHIP,DOCUMENTED,CURRENT_CANON,MAIN_RUNETERRA,src:riot-bio:leona|src:riot-bio:diana,Leona and Diana share a personal history before becoming embodiments of opposing Targonian faiths.,PENDING,TRUE
claim:00211,char:ornn,Ornn,SIBLINGS,char:volibear,Volibear,RELATIONSHIP,DOCUMENTED,CURRENT_CANON,MAIN_RUNETERRA,src:riot-bio:ornn|src:riot-bio:volibear,Ornn and Volibear are Freljordian demigod siblings with a hostile history.,PENDING,TRUE
claim:00212,char:ornn,Ornn,SIBLINGS,char:anivia,Anivia,RELATIONSHIP,STRONG,CURRENT_CANON,MAIN_RUNETERRA,src:riot-bio:ornn|src:riot-bio:anivia,Ornn and Anivia belong to the same family of Freljordian demigods.,PENDING,TRUE
claim:00213,char:volibear,Volibear,SIBLINGS,char:anivia,Anivia,RELATIONSHIP,STRONG,CURRENT_CANON,MAIN_RUNETERRA,src:riot-bio:volibear|src:riot-bio:anivia,Volibear and Anivia are ancient Freljordian demigod siblings.,PENDING,TRUE
claim:00214,char:lux,Lux,CONFLICT,char:sylas,Sylas,RELATIONSHIP,DOCUMENTED,CURRENT_CANON,MAIN_RUNETERRA,src:riot-bio:lux|src:riot-bio:sylas,Lux secretly helped imprisoned Sylas before his escape ignited the mage rebellion.,PENDING,TRUE
claim:00215,char:jarvan-iv,Jarvan IV,ALLIES,char:shyvana,Shyvana,RELATIONSHIP,DOCUMENTED,CURRENT_CANON,MAIN_RUNETERRA,src:riot-bio:jarvan-iv|src:riot-bio:shyvana,Shyvana saved Jarvan and later served Demacia under his protection.,PENDING,TRUE
claim:00216,char:shen,Shen,MENTOR_STUDENT,char:akali,Akali,RELATIONSHIP,DOCUMENTED,CURRENT_CANON,MAIN_RUNETERRA,src:riot-bio:shen|src:riot-bio:akali,Shen trained Akali as a Kinkou disciple.,PENDING,TRUE
claim:00217,char:miss-fortune,Miss Fortune,RIVALS,char:gangplank,Gangplank,RELATIONSHIP,DOCUMENTED,CURRENT_CANON,MAIN_RUNETERRA,src:riot-bio:miss-fortune|src:riot-bio:gangplank,Miss Fortune destroyed Gangplank's ship and seized influence in Bilgewater after years of seeking revenge.,PENDING,TRUE
claim:00218,char:graves,Graves,PARTNERS,char:twisted-fate,Twisted Fate,RELATIONSHIP,DOCUMENTED,CURRENT_CANON,MAIN_RUNETERRA,src:riot-bio:graves|src:riot-bio:twisted-fate,Graves and Twisted Fate are long-time partners in crime despite periods of betrayal.,PENDING,TRUE
claim:00219,char:illaoi,Illaoi,FORMER_LOVERS,char:gangplank,Gangplank,RELATIONSHIP,DOCUMENTED,CURRENT_CANON,MAIN_RUNETERRA,src:riot-bio:illaoi|src:riot-bio:gangplank,Illaoi and Gangplank share a past romantic relationship.,PENDING,TRUE
claim:00220,char:kalista,Kalista,BETRAYAL,char:hecarim,Hecarim,RELATIONSHIP,DOCUMENTED,CURRENT_CANON,MAIN_RUNETERRA,src:riot-bio:kalista|src:riot-bio:hecarim,Hecarim betrayed Kalista during the events leading to the Ruination.,PENDING,TRUE
claim:00221,char:viego,Viego,KING_COMMANDER,char:hecarim,Hecarim,RELATIONSHIP,DOCUMENTED,CURRENT_CANON,MAIN_RUNETERRA,src:riot-bio:viego|src:riot-bio:hecarim,Hecarim served Viego's military campaign and became one of the Ruination's central figures.,PENDING,TRUE
claim:00222,char:viego,Viego,ALLIES_THEN_RIVALS,char:thresh,Thresh,RELATIONSHIP,DOCUMENTED,CURRENT_CANON,MAIN_RUNETERRA,src:riot-bio:viego|src:riot-bio:thresh,Thresh manipulated Viego's return before eventually pursuing his own power.,PENDING,TRUE
claim:00223,char:viego,Viego,ENEMIES,char:senna,Senna,RELATIONSHIP,DOCUMENTED,CURRENT_CANON,MAIN_RUNETERRA,src:riot-bio:viego|src:riot-bio:senna,Viego hunted the fragment of Isolde within Senna during the Ruination.,PENDING,TRUE
claim:00224,char:viego,Viego,ENEMIES,char:gwen,Gwen,RELATIONSHIP,DOCUMENTED,CURRENT_CANON,MAIN_RUNETERRA,src:riot-bio:viego|src:riot-bio:gwen,Gwen opposed Viego and carries a connection to Isolde through her creation.,PENDING,TRUE
claim:00225,char:morgana,Morgana,SISTERS,char:kayle,Kayle,RELATIONSHIP,DOCUMENTED,CURRENT_CANON,MAIN_RUNETERRA,src:riot-bio:morgana|src:riot-bio:kayle,Morgana and Kayle are twin sisters whose conflict shaped early Demacia.,PENDING,TRUE
claim:00226,char:diana,Diana,LUNARI,char:aphelios,Aphelios,RELATIONSHIP,STRONG,CURRENT_CANON,MAIN_RUNETERRA,src:riot-bio:diana|src:riot-bio:aphelios,Diana and Aphelios are central figures in the Lunari faith.,PENDING,TRUE
claim:00227,char:aphelios,Aphelios,SIBLINGS,entity:alune,Alune,RELATIONSHIP,DOCUMENTED,CURRENT_CANON,MAIN_RUNETERRA,src:riot-bio:aphelios,Aphelios is guided by his twin sister Alune from the spirit realm.,PENDING,TRUE
claim:00228,char:ryze,Ryze,FORMER_MASTER_STUDENT,char:brand,Brand,RELATIONSHIP,DOCUMENTED,CURRENT_CANON,MAIN_RUNETERRA,src:riot-bio:ryze|src:riot-bio:brand,"Ryze once travelled with Kegan Rodhe, who became Brand after taking a World Rune.",PENDING,TRUE
claim:00229,char:vladimir,Vladimir,FAMILY,char:viego,Viego,RELATIONSHIP,DOCUMENTED,CURRENT_CANON,MAIN_RUNETERRA,src:riot-bio:vladimir|src:riot-bio:viego,Vladimir is Viego's uncle from the royal family of Camavor.,PENDING,TRUE
claim:00230,char:mordekaiser,Mordekaiser,ENEMIES,char:leblanc,LeBlanc,RELATIONSHIP,STRONG,CURRENT_CANON,MAIN_RUNETERRA,src:riot-bio:mordekaiser|src:riot-bio:leblanc,LeBlanc's Black Rose has long worked to prevent Mordekaiser's return.,PENDING,TRUE
claim:00231,char:warwick,Warwick,CREATOR_SUBJECT,char:singed,Singed,RELATIONSHIP,STRONG,RECONCILIATION_PENDING,MAIN_RUNETERRA,src:riot-bio:warwick|src:riot-bio:singed,"Singed is tied to the experiments that transformed Warwick, though current Arcane reconciliation should be reviewed.",PENDING,TRUE
claim:00232,char:viktor,Viktor,RIVALS,char:jayce,Jayce,RELATIONSHIP,STRONG,RECONCILIATION_PENDING,MAIN_RUNETERRA,src:riot-bio:viktor|src:riot-bio:jayce,Viktor and Jayce share a defining scientific and ideological relationship; current details are being reconciled with Arcane-era canon.,PENDING,TRUE
claim:00233,char:ambessa,Ambessa,MOTHER_DAUGHTER,char:mel,Mel,RELATIONSHIP,DOCUMENTED,RECONCILIATION_PENDING,MAIN_RUNETERRA,src:riot-bio:ambessa|src:riot-bio:mel,Ambessa is Mel Medarda's mother; their relationship drives Medarda family politics.,PENDING,TRUE
claim:00234,char:jinx,Jinx,SHARED_HISTORY,char:ekko,Ekko,RELATIONSHIP,STRONG,RECONCILIATION_PENDING,MAIN_RUNETERRA,src:riot-bio:jinx|src:riot-bio:ekko,Jinx and Ekko share a personal Zaunite past; current details depend on Arcane reconciliation.,PENDING,TRUE
claim:00235,char:vi,Vi,FAMILY_ORIGIN,char:warwick,Warwick,RELATIONSHIP,UNCERTAIN,RECONCILIATION_PENDING,MAIN_RUNETERRA,src:riot-bio:vi|src:riot-bio:warwick,Arcane strongly ties Warwick to Vi's family history; exact cross-media reconciliation remains unsettled.,PENDING,TRUE
claim:00236,char:sylas,Sylas,ENEMIES,char:garen,Garen,RELATIONSHIP,DOCUMENTED,CURRENT_CANON,MAIN_RUNETERRA,src:riot-bio:sylas|src:riot-bio:garen,Garen is among the Demacian champions directly opposed to Sylas's rebellion.,PENDING,TRUE
claim:00237,char:sylas,Sylas,ENEMIES,char:jarvan-iv,Jarvan IV,RELATIONSHIP,DOCUMENTED,CURRENT_CANON,MAIN_RUNETERRA,src:riot-bio:sylas|src:riot-bio:jarvan-iv,Sylas's rebellion directly threatens Jarvan IV and Demacia's ruling order.,PENDING,TRUE
claim:00238,char:taliyah,Taliyah,MENTOR_STUDENT,char:yasuo,Yasuo,RELATIONSHIP,DOCUMENTED,CURRENT_CANON,MAIN_RUNETERRA,src:riot-bio:taliyah|src:riot-bio:yasuo,Yasuo taught Taliyah to better control her stone magic during her travels.,PENDING,TRUE
claim:00239,char:master-yi,Master Yi,MENTOR_STUDENT,char:wukong,Wukong,RELATIONSHIP,DOCUMENTED,CURRENT_CANON,MAIN_RUNETERRA,src:riot-bio:master-yi|src:riot-bio:wukong,Master Yi trained Wukong in Wuju.,PENDING,TRUE
claim:00240,char:lee-sin,Lee Sin,ALLIES,char:udyr,Udyr,RELATIONSHIP,STRONG,CURRENT_CANON,MAIN_RUNETERRA,src:riot-bio:lee-sin|src:riot-bio:udyr,Lee Sin and Udyr share an Ionian connection and documented mutual history.,PENDING,TRUE
claim:00241,char:rengar,Rengar,RIVALS,char:kha-zix,Kha'Zix,RELATIONSHIP,DOCUMENTED,CURRENT_CANON,MAIN_RUNETERRA,src:riot-bio:rengar|src:riot-bio:kha-zix,"Rengar and Kha'Zix are defining rivals, each hunting the other.",PENDING,TRUE
claim:00242,char:kassadin,Kassadin,ENEMIES,char:malzahar,Malzahar,RELATIONSHIP,STRONG,CURRENT_CANON,MAIN_RUNETERRA,src:riot-bio:kassadin|src:riot-bio:malzahar,"Kassadin's crusade against the Void places him against Malzahar, its prophet.",PENDING,TRUE
claim:00243,char:xerath,Xerath,ENEMIES,char:azir,Azir,RELATIONSHIP,DOCUMENTED,CURRENT_CANON,MAIN_RUNETERRA,src:riot-bio:xerath|src:riot-bio:azir,Xerath betrayed Azir and caused the empire's collapse.,PENDING,TRUE
claim:00244,char:sivir,Sivir,BETRAYAL,char:cassiopeia,Cassiopeia,RELATIONSHIP,DOCUMENTED,CURRENT_CANON,MAIN_RUNETERRA,src:riot-bio:sivir|src:riot-bio:cassiopeia,Cassiopeia hired Sivir for a Shuriman expedition and betrayed her in the tomb.,PENDING,TRUE
claim:00245,char:thresh,Thresh,ENEMIES,char:lucian,Lucian,RELATIONSHIP,DOCUMENTED,CURRENT_CANON,MAIN_RUNETERRA,src:riot-bio:thresh|src:riot-bio:lucian,Thresh became Lucian's defining enemy after capturing Senna.,PENDING,TRUE
claim:00246,char:thresh,Thresh,CAPTOR_VICTIM,char:senna,Senna,RELATIONSHIP,DOCUMENTED,CURRENT_CANON,MAIN_RUNETERRA,src:riot-bio:thresh|src:riot-bio:senna,Thresh held Senna's soul in his lantern.,PENDING,TRUE
claim:00247,char:sejuani,Sejuani,ALLIES,char:udyr,Udyr,RELATIONSHIP,DOCUMENTED,CURRENT_CANON,MAIN_RUNETERRA,src:riot-bio:sejuani|src:riot-bio:udyr,Udyr is closely tied to Sejuani and the Winter's Claw.,PENDING,TRUE
claim:00248,char:ashe,Ashe,HISTORICAL_ENEMIES,char:lissandra,Lissandra,RELATIONSHIP,STRONG,CURRENT_CANON,MAIN_RUNETERRA,src:riot-bio:ashe|src:riot-bio:lissandra,Ashe's Avarosan legacy conflicts with Lissandra's hidden rule and history.,PENDING,TRUE
claim:00249,char:lissandra,Lissandra,ANCIENT_CONFLICT,char:volibear,Volibear,RELATIONSHIP,STRONG,CURRENT_CANON,MAIN_RUNETERRA,src:riot-bio:lissandra|src:riot-bio:volibear,Lissandra and Volibear are tied to ancient Freljordian conflict.,PENDING,TRUE
claim:00250,char:vayne,Vayne,ENEMIES,char:evelynn,Evelynn,RELATIONSHIP,DOCUMENTED,CURRENT_CANON,MAIN_RUNETERRA,src:riot-bio:vayne|src:riot-bio:evelynn,"Evelynn murdered Vayne's parents, driving Vayne's lifelong hunt for monsters.",PENDING,TRUE
claim:00251,char:rell,Rell,ENEMIES,char:leblanc,LeBlanc,RELATIONSHIP,STRONG,CURRENT_CANON,MAIN_RUNETERRA,src:riot-bio:rell|src:riot-bio:leblanc,Rell was shaped by Black Rose experimentation and seeks revenge against the organization led by LeBlanc.,PENDING,TRUE
claim:00252,char:briar,Briar,BLACK_ROSE,char:leblanc,LeBlanc,RELATIONSHIP,STRONG,CURRENT_CANON,MAIN_RUNETERRA,src:riot-bio:briar|src:riot-bio:leblanc,"Briar was created as a Black Rose weapon, linking her to LeBlanc's organization.",PENDING,TRUE
claim:00253,char:annie,Annie,HOST_ENTITY,entity:tybaulk,Tybaulk,RELATIONSHIP,DOCUMENTED,CURRENT_CANON,MAIN_RUNETERRA,src:riot-bio:annie,Annie's bear Tibbers is tied to the demon Tybaulk.,PENDING,TRUE
claim:00254,char:nilah,Nilah,HOST_ENTITY,entity:ashlesh,Ashlesh,RELATIONSHIP,DOCUMENTED,CURRENT_CANON,MAIN_RUNETERRA,src:riot-bio:nilah,"Nilah is bound to Ashlesh, a powerful demon of joy.",PENDING,TRUE
claim:00255,char:zoe,Zoe,CELESTIAL,char:aurelion-sol,Aurelion Sol,RELATIONSHIP,STRONG,CURRENT_CANON,MAIN_RUNETERRA,src:riot-bio:zoe|src:riot-bio:aurelion-sol,Zoe interacts with Aurelion Sol as a celestial Aspect figure.,PENDING,TRUE
claim:00256,char:pantheon,Pantheon,TARGONIAN_SYSTEM,char:aurelion-sol,Aurelion Sol,RELATIONSHIP,DERIVED,CURRENT_CANON,MAIN_RUNETERRA,src:riot-bio:pantheon|src:riot-bio:aurelion-sol,"Pantheon and Aurelion Sol are both entangled with Targon's celestial power, but not necessarily through a direct personal relationship.",PENDING,TRUE
claim:00257,char:aatrox,Aatrox,PARTICIPATED_IN_OR_ASSOCIATED_WITH,event:void-war,,EVENT_PARTICIPATION,UNREVIEWED,CURRENT_OR_REVIEW,MAIN_RUNETERRA,src:riot-bio:aatrox,Seed participation mapping; must distinguish actual participation from historical association.,PENDING,TRUE
claim:00258,char:nasus,Nasus,PARTICIPATED_IN_OR_ASSOCIATED_WITH,event:void-war,,EVENT_PARTICIPATION,UNREVIEWED,CURRENT_OR_REVIEW,MAIN_RUNETERRA,src:riot-bio:nasus,Seed participation mapping; must distinguish actual participation from historical association.,PENDING,TRUE
claim:00259,char:renekton,Renekton,PARTICIPATED_IN_OR_ASSOCIATED_WITH,event:void-war,,EVENT_PARTICIPATION,UNREVIEWED,CURRENT_OR_REVIEW,MAIN_RUNETERRA,src:riot-bio:renekton,Seed participation mapping; must distinguish actual participation from historical association.,PENDING,TRUE
claim:00260,char:jax,Jax,PARTICIPATED_IN_OR_ASSOCIATED_WITH,event:void-war,,EVENT_PARTICIPATION,UNREVIEWED,CURRENT_OR_REVIEW,MAIN_RUNETERRA,src:riot-bio:jax,Seed participation mapping; must distinguish actual participation from historical association.,PENDING,TRUE
claim:00261,char:zilean,Zilean,PARTICIPATED_IN_OR_ASSOCIATED_WITH,event:void-war,,EVENT_PARTICIPATION,UNREVIEWED,CURRENT_OR_REVIEW,MAIN_RUNETERRA,src:riot-bio:zilean,Seed participation mapping; must distinguish actual participation from historical association.,PENDING,TRUE
claim:00262,char:azir,Azir,PARTICIPATED_IN_OR_ASSOCIATED_WITH,event:fall-shurima,,EVENT_PARTICIPATION,UNREVIEWED,CURRENT_OR_REVIEW,MAIN_RUNETERRA,src:riot-bio:azir,Seed participation mapping; must distinguish actual participation from historical association.,PENDING,TRUE
claim:00263,char:xerath,Xerath,PARTICIPATED_IN_OR_ASSOCIATED_WITH,event:fall-shurima,,EVENT_PARTICIPATION,UNREVIEWED,CURRENT_OR_REVIEW,MAIN_RUNETERRA,src:riot-bio:xerath,Seed participation mapping; must distinguish actual participation from historical association.,PENDING,TRUE
claim:00264,char:nasus,Nasus,PARTICIPATED_IN_OR_ASSOCIATED_WITH,event:fall-shurima,,EVENT_PARTICIPATION,UNREVIEWED,CURRENT_OR_REVIEW,MAIN_RUNETERRA,src:riot-bio:nasus,Seed participation mapping; must distinguish actual participation from historical association.,PENDING,TRUE
claim:00265,char:renekton,Renekton,PARTICIPATED_IN_OR_ASSOCIATED_WITH,event:fall-shurima,,EVENT_PARTICIPATION,UNREVIEWED,CURRENT_OR_REVIEW,MAIN_RUNETERRA,src:riot-bio:renekton,Seed participation mapping; must distinguish actual participation from historical association.,PENDING,TRUE
claim:00266,char:sivir,Sivir,PARTICIPATED_IN_OR_ASSOCIATED_WITH,event:fall-shurima,,EVENT_PARTICIPATION,UNREVIEWED,CURRENT_OR_REVIEW,MAIN_RUNETERRA,src:riot-bio:sivir,Seed participation mapping; must distinguish actual participation from historical association.,PENDING,TRUE
claim:00267,char:aatrox,Aatrox,PARTICIPATED_IN_OR_ASSOCIATED_WITH,event:great-darkin-war,,EVENT_PARTICIPATION,UNREVIEWED,CURRENT_OR_REVIEW,MAIN_RUNETERRA,src:riot-bio:aatrox,Seed participation mapping; must distinguish actual participation from historical association.,PENDING,TRUE
claim:00268,char:varus,Varus,PARTICIPATED_IN_OR_ASSOCIATED_WITH,event:great-darkin-war,,EVENT_PARTICIPATION,UNREVIEWED,CURRENT_OR_REVIEW,MAIN_RUNETERRA,src:riot-bio:varus,Seed participation mapping; must distinguish actual participation from historical association.,PENDING,TRUE
claim:00269,char:naafiri,Naafiri,PARTICIPATED_IN_OR_ASSOCIATED_WITH,event:great-darkin-war,,EVENT_PARTICIPATION,UNREVIEWED,CURRENT_OR_REVIEW,MAIN_RUNETERRA,src:riot-bio:naafiri,Seed participation mapping; must distinguish actual participation from historical association.,PENDING,TRUE
claim:00270,char:zaahen,Zaahen,PARTICIPATED_IN_OR_ASSOCIATED_WITH,event:great-darkin-war,,EVENT_PARTICIPATION,UNREVIEWED,CURRENT_OR_REVIEW,MAIN_RUNETERRA,src:riot-bio:zaahen,Seed participation mapping; must distinguish actual participation from historical association.,PENDING,TRUE
claim:00271,char:viego,Viego,PARTICIPATED_IN_OR_ASSOCIATED_WITH,event:ruination-helia,,EVENT_PARTICIPATION,UNREVIEWED,CURRENT_OR_REVIEW,MAIN_RUNETERRA,src:riot-bio:viego,Seed participation mapping; must distinguish actual participation from historical association.,PENDING,TRUE
claim:00272,char:kalista,Kalista,PARTICIPATED_IN_OR_ASSOCIATED_WITH,event:ruination-helia,,EVENT_PARTICIPATION,UNREVIEWED,CURRENT_OR_REVIEW,MAIN_RUNETERRA,src:riot-bio:kalista,Seed participation mapping; must distinguish actual participation from historical association.,PENDING,TRUE
claim:00273,char:hecarim,Hecarim,PARTICIPATED_IN_OR_ASSOCIATED_WITH,event:ruination-helia,,EVENT_PARTICIPATION,UNREVIEWED,CURRENT_OR_REVIEW,MAIN_RUNETERRA,src:riot-bio:hecarim,Seed participation mapping; must distinguish actual participation from historical association.,PENDING,TRUE
claim:00274,char:thresh,Thresh,PARTICIPATED_IN_OR_ASSOCIATED_WITH,event:ruination-helia,,EVENT_PARTICIPATION,UNREVIEWED,CURRENT_OR_REVIEW,MAIN_RUNETERRA,src:riot-bio:thresh,Seed participation mapping; must distinguish actual participation from historical association.,PENDING,TRUE
claim:00275,char:maokai,Maokai,PARTICIPATED_IN_OR_ASSOCIATED_WITH,event:ruination-helia,,EVENT_PARTICIPATION,UNREVIEWED,CURRENT_OR_REVIEW,MAIN_RUNETERRA,src:riot-bio:maokai,Seed participation mapping; must distinguish actual participation from historical association.,PENDING,TRUE
claim:00276,char:ryze,Ryze,PARTICIPATED_IN_OR_ASSOCIATED_WITH,event:rune-wars,,EVENT_PARTICIPATION,UNREVIEWED,CURRENT_OR_REVIEW,MAIN_RUNETERRA,src:riot-bio:ryze,Seed participation mapping; must distinguish actual participation from historical association.,PENDING,TRUE
claim:00277,char:brand,Brand,PARTICIPATED_IN_OR_ASSOCIATED_WITH,event:rune-wars,,EVENT_PARTICIPATION,UNREVIEWED,CURRENT_OR_REVIEW,MAIN_RUNETERRA,src:riot-bio:brand,Seed participation mapping; must distinguish actual participation from historical association.,PENDING,TRUE
claim:00278,char:swain,Swain,PARTICIPATED_IN_OR_ASSOCIATED_WITH,event:noxian-invasion-ionia,,EVENT_PARTICIPATION,UNREVIEWED,CURRENT_OR_REVIEW,MAIN_RUNETERRA,src:riot-bio:swain,Seed participation mapping; must distinguish actual participation from historical association.,PENDING,TRUE
claim:00279,char:irelia,Irelia,PARTICIPATED_IN_OR_ASSOCIATED_WITH,event:noxian-invasion-ionia,,EVENT_PARTICIPATION,UNREVIEWED,CURRENT_OR_REVIEW,MAIN_RUNETERRA,src:riot-bio:irelia,Seed participation mapping; must distinguish actual participation from historical association.,PENDING,TRUE
claim:00280,char:karma,Karma,PARTICIPATED_IN_OR_ASSOCIATED_WITH,event:noxian-invasion-ionia,,EVENT_PARTICIPATION,UNREVIEWED,CURRENT_OR_REVIEW,MAIN_RUNETERRA,src:riot-bio:karma,Seed participation mapping; must distinguish actual participation from historical association.,PENDING,TRUE
claim:00281,char:riven,Riven,PARTICIPATED_IN_OR_ASSOCIATED_WITH,event:noxian-invasion-ionia,,EVENT_PARTICIPATION,UNREVIEWED,CURRENT_OR_REVIEW,MAIN_RUNETERRA,src:riot-bio:riven,Seed participation mapping; must distinguish actual participation from historical association.,PENDING,TRUE
claim:00282,char:yasuo,Yasuo,PARTICIPATED_IN_OR_ASSOCIATED_WITH,event:noxian-invasion-ionia,,EVENT_PARTICIPATION,UNREVIEWED,CURRENT_OR_REVIEW,MAIN_RUNETERRA,src:riot-bio:yasuo,Seed participation mapping; must distinguish actual participation from historical association.,PENDING,TRUE
claim:00283,char:master-yi,Master Yi,PARTICIPATED_IN_OR_ASSOCIATED_WITH,event:noxian-invasion-ionia,,EVENT_PARTICIPATION,UNREVIEWED,CURRENT_OR_REVIEW,MAIN_RUNETERRA,src:riot-bio:master-yi,Seed participation mapping; must distinguish actual participation from historical association.,PENDING,TRUE
claim:00284,char:kayn,Kayn,PARTICIPATED_IN_OR_ASSOCIATED_WITH,event:noxian-invasion-ionia,,EVENT_PARTICIPATION,UNREVIEWED,CURRENT_OR_REVIEW,MAIN_RUNETERRA,src:riot-bio:kayn,Seed participation mapping; must distinguish actual participation from historical association.,PENDING,TRUE
claim:00285,char:zed,Zed,PARTICIPATED_IN_OR_ASSOCIATED_WITH,event:noxian-invasion-ionia,,EVENT_PARTICIPATION,UNREVIEWED,CURRENT_OR_REVIEW,MAIN_RUNETERRA,src:riot-bio:zed,Seed participation mapping; must distinguish actual participation from historical association.,PENDING,TRUE
claim:00286,char:shen,Shen,PARTICIPATED_IN_OR_ASSOCIATED_WITH,event:noxian-invasion-ionia,,EVENT_PARTICIPATION,UNREVIEWED,CURRENT_OR_REVIEW,MAIN_RUNETERRA,src:riot-bio:shen,Seed participation mapping; must distinguish actual participation from historical association.,PENDING,TRUE
claim:00287,char:azir,Azir,PARTICIPATED_IN_OR_ASSOCIATED_WITH,event:rebirth-sun-disc,,EVENT_PARTICIPATION,UNREVIEWED,CURRENT_OR_REVIEW,MAIN_RUNETERRA,src:riot-bio:azir,Seed participation mapping; must distinguish actual participation from historical association.,PENDING,TRUE
claim:00288,char:sivir,Sivir,PARTICIPATED_IN_OR_ASSOCIATED_WITH,event:rebirth-sun-disc,,EVENT_PARTICIPATION,UNREVIEWED,CURRENT_OR_REVIEW,MAIN_RUNETERRA,src:riot-bio:sivir,Seed participation mapping; must distinguish actual participation from historical association.,PENDING,TRUE
claim:00289,char:nasus,Nasus,PARTICIPATED_IN_OR_ASSOCIATED_WITH,event:rebirth-sun-disc,,EVENT_PARTICIPATION,UNREVIEWED,CURRENT_OR_REVIEW,MAIN_RUNETERRA,src:riot-bio:nasus,Seed participation mapping; must distinguish actual participation from historical association.,PENDING,TRUE
claim:00290,char:renekton,Renekton,PARTICIPATED_IN_OR_ASSOCIATED_WITH,event:rebirth-sun-disc,,EVENT_PARTICIPATION,UNREVIEWED,CURRENT_OR_REVIEW,MAIN_RUNETERRA,src:riot-bio:renekton,Seed participation mapping; must distinguish actual participation from historical association.,PENDING,TRUE
claim:00291,char:xerath,Xerath,PARTICIPATED_IN_OR_ASSOCIATED_WITH,event:rebirth-sun-disc,,EVENT_PARTICIPATION,UNREVIEWED,CURRENT_OR_REVIEW,MAIN_RUNETERRA,src:riot-bio:xerath,Seed participation mapping; must distinguish actual participation from historical association.,PENDING,TRUE
claim:00292,char:viego,Viego,PARTICIPATED_IN_OR_ASSOCIATED_WITH,event:return-ruined-king,,EVENT_PARTICIPATION,UNREVIEWED,CURRENT_OR_REVIEW,MAIN_RUNETERRA,src:riot-bio:viego,Seed participation mapping; must distinguish actual participation from historical association.,PENDING,TRUE
claim:00293,char:senna,Senna,PARTICIPATED_IN_OR_ASSOCIATED_WITH,event:return-ruined-king,,EVENT_PARTICIPATION,UNREVIEWED,CURRENT_OR_REVIEW,MAIN_RUNETERRA,src:riot-bio:senna,Seed participation mapping; must distinguish actual participation from historical association.,PENDING,TRUE
claim:00294,char:lucian,Lucian,PARTICIPATED_IN_OR_ASSOCIATED_WITH,event:return-ruined-king,,EVENT_PARTICIPATION,UNREVIEWED,CURRENT_OR_REVIEW,MAIN_RUNETERRA,src:riot-bio:lucian,Seed participation mapping; must distinguish actual participation from historical association.,PENDING,TRUE
claim:00295,char:gwen,Gwen,PARTICIPATED_IN_OR_ASSOCIATED_WITH,event:return-ruined-king,,EVENT_PARTICIPATION,UNREVIEWED,CURRENT_OR_REVIEW,MAIN_RUNETERRA,src:riot-bio:gwen,Seed participation mapping; must distinguish actual participation from historical association.,PENDING,TRUE
claim:00296,char:thresh,Thresh,PARTICIPATED_IN_OR_ASSOCIATED_WITH,event:return-ruined-king,,EVENT_PARTICIPATION,UNREVIEWED,CURRENT_OR_REVIEW,MAIN_RUNETERRA,src:riot-bio:thresh,Seed participation mapping; must distinguish actual participation from historical association.,PENDING,TRUE
claim:00297,char:miss-fortune,Miss Fortune,PARTICIPATED_IN_OR_ASSOCIATED_WITH,event:return-ruined-king,,EVENT_PARTICIPATION,UNREVIEWED,CURRENT_OR_REVIEW,MAIN_RUNETERRA,src:riot-bio:miss-fortune,Seed participation mapping; must distinguish actual participation from historical association.,PENDING,TRUE
claim:00298,char:pyke,Pyke,PARTICIPATED_IN_OR_ASSOCIATED_WITH,event:return-ruined-king,,EVENT_PARTICIPATION,UNREVIEWED,CURRENT_OR_REVIEW,MAIN_RUNETERRA,src:riot-bio:pyke,Seed participation mapping; must distinguish actual participation from historical association.,PENDING,TRUE
claim:00299,char:vayne,Vayne,PARTICIPATED_IN_OR_ASSOCIATED_WITH,event:return-ruined-king,,EVENT_PARTICIPATION,UNREVIEWED,CURRENT_OR_REVIEW,MAIN_RUNETERRA,src:riot-bio:vayne,Seed participation mapping; must distinguish actual participation from historical association.,PENDING,TRUE
claim:00300,char:riven,Riven,PARTICIPATED_IN_OR_ASSOCIATED_WITH,event:return-ruined-king,,EVENT_PARTICIPATION,UNREVIEWED,CURRENT_OR_REVIEW,MAIN_RUNETERRA,src:riot-bio:riven,Seed participation mapping; must distinguish actual participation from historical association.,PENDING,TRUE
claim:00301,char:diana,Diana,PARTICIPATED_IN_OR_ASSOCIATED_WITH,event:return-ruined-king,,EVENT_PARTICIPATION,UNREVIEWED,CURRENT_OR_REVIEW,MAIN_RUNETERRA,src:riot-bio:diana,Seed participation mapping; must distinguish actual participation from historical association.,PENDING,TRUE
claim:00302,char:irelia,Irelia,PARTICIPATED_IN_OR_ASSOCIATED_WITH,event:return-ruined-king,,EVENT_PARTICIPATION,UNREVIEWED,CURRENT_OR_REVIEW,MAIN_RUNETERRA,src:riot-bio:irelia,Seed participation mapping; must distinguish actual participation from historical association.,PENDING,TRUE
claim:00303,char:olaf,Olaf,PARTICIPATED_IN_OR_ASSOCIATED_WITH,event:return-ruined-king,,EVENT_PARTICIPATION,UNREVIEWED,CURRENT_OR_REVIEW,MAIN_RUNETERRA,src:riot-bio:olaf,Seed participation mapping; must distinguish actual participation from historical association.,PENDING,TRUE
claim:00304,char:graves,Graves,PARTICIPATED_IN_OR_ASSOCIATED_WITH,event:return-ruined-king,,EVENT_PARTICIPATION,UNREVIEWED,CURRENT_OR_REVIEW,MAIN_RUNETERRA,src:riot-bio:graves,Seed participation mapping; must distinguish actual participation from historical association.,PENDING,TRUE
claim:00305,char:sylas,Sylas,PARTICIPATED_IN_OR_ASSOCIATED_WITH,event:great-mage-rebellion,,EVENT_PARTICIPATION,UNREVIEWED,CURRENT_OR_REVIEW,MAIN_RUNETERRA,src:riot-bio:sylas,Seed participation mapping; must distinguish actual participation from historical association.,PENDING,TRUE
claim:00306,char:lux,Lux,PARTICIPATED_IN_OR_ASSOCIATED_WITH,event:great-mage-rebellion,,EVENT_PARTICIPATION,UNREVIEWED,CURRENT_OR_REVIEW,MAIN_RUNETERRA,src:riot-bio:lux,Seed participation mapping; must distinguish actual participation from historical association.,PENDING,TRUE
claim:00307,char:garen,Garen,PARTICIPATED_IN_OR_ASSOCIATED_WITH,event:great-mage-rebellion,,EVENT_PARTICIPATION,UNREVIEWED,CURRENT_OR_REVIEW,MAIN_RUNETERRA,src:riot-bio:garen,Seed participation mapping; must distinguish actual participation from historical association.,PENDING,TRUE
claim:00308,char:jarvan-iv,Jarvan IV,PARTICIPATED_IN_OR_ASSOCIATED_WITH,event:great-mage-rebellion,,EVENT_PARTICIPATION,UNREVIEWED,CURRENT_OR_REVIEW,MAIN_RUNETERRA,src:riot-bio:jarvan-iv,Seed participation mapping; must distinguish actual participation from historical association.,PENDING,TRUE
claim:00309,char:swain,Swain,PARTICIPATED_IN_OR_ASSOCIATED_WITH,event:swain-coup,,EVENT_PARTICIPATION,UNREVIEWED,CURRENT_OR_REVIEW,MAIN_RUNETERRA,src:riot-bio:swain,Seed participation mapping; must distinguish actual participation from historical association.,PENDING,TRUE
claim:00310,char:darius,Darius,PARTICIPATED_IN_OR_ASSOCIATED_WITH,event:swain-coup,,EVENT_PARTICIPATION,UNREVIEWED,CURRENT_OR_REVIEW,MAIN_RUNETERRA,src:riot-bio:darius,Seed participation mapping; must distinguish actual participation from historical association.,PENDING,TRUE
claim:00311,char:yasuo,Yasuo,PARTICIPATED_IN_OR_ASSOCIATED_WITH,event:yasuo-yone-duel,,EVENT_PARTICIPATION,UNREVIEWED,CURRENT_OR_REVIEW,MAIN_RUNETERRA,src:riot-bio:yasuo,Seed participation mapping; must distinguish actual participation from historical association.,PENDING,TRUE
claim:00312,char:yone,Yone,PARTICIPATED_IN_OR_ASSOCIATED_WITH,event:yasuo-yone-duel,,EVENT_PARTICIPATION,UNREVIEWED,CURRENT_OR_REVIEW,MAIN_RUNETERRA,src:riot-bio:yone,Seed participation mapping; must distinguish actual participation from historical association.,PENDING,TRUE
claim:00313,char:kayle,Kayle,PARTICIPATED_IN_OR_ASSOCIATED_WITH,event:kayle-morgana-conflict,,EVENT_PARTICIPATION,UNREVIEWED,CURRENT_OR_REVIEW,MAIN_RUNETERRA,src:riot-bio:kayle,Seed participation mapping; must distinguish actual participation from historical association.,PENDING,TRUE
claim:00314,char:morgana,Morgana,PARTICIPATED_IN_OR_ASSOCIATED_WITH,event:kayle-morgana-conflict,,EVENT_PARTICIPATION,UNREVIEWED,CURRENT_OR_REVIEW,MAIN_RUNETERRA,src:riot-bio:morgana,Seed participation mapping; must distinguish actual participation from historical association.,PENDING,TRUE
claim:00315,char:aatrox,Aatrox,PARTICIPATED_IN_OR_ASSOCIATED_WITH,event:aatrox-atreus-duel,,EVENT_PARTICIPATION,UNREVIEWED,CURRENT_OR_REVIEW,MAIN_RUNETERRA,src:riot-bio:aatrox,Seed participation mapping; must distinguish actual participation from historical association.,PENDING,TRUE
claim:00316,char:pantheon,Pantheon,PARTICIPATED_IN_OR_ASSOCIATED_WITH,event:aatrox-atreus-duel,,EVENT_PARTICIPATION,UNREVIEWED,CURRENT_OR_REVIEW,MAIN_RUNETERRA,src:riot-bio:pantheon,Seed participation mapping; must distinguish actual participation from historical association.,PENDING,TRUE
claim:00317,char:thresh,Thresh,PARTICIPATED_IN_OR_ASSOCIATED_WITH,event:harrowing,,EVENT_PARTICIPATION,UNREVIEWED,CURRENT_OR_REVIEW,MAIN_RUNETERRA,src:riot-bio:thresh,Seed participation mapping; must distinguish actual participation from historical association.,PENDING,TRUE
claim:00318,char:hecarim,Hecarim,PARTICIPATED_IN_OR_ASSOCIATED_WITH,event:harrowing,,EVENT_PARTICIPATION,UNREVIEWED,CURRENT_OR_REVIEW,MAIN_RUNETERRA,src:riot-bio:hecarim,Seed participation mapping; must distinguish actual participation from historical association.,PENDING,TRUE
claim:00319,char:kalista,Kalista,PARTICIPATED_IN_OR_ASSOCIATED_WITH,event:harrowing,,EVENT_PARTICIPATION,UNREVIEWED,CURRENT_OR_REVIEW,MAIN_RUNETERRA,src:riot-bio:kalista,Seed participation mapping; must distinguish actual participation from historical association.,PENDING,TRUE
claim:00320,char:karthus,Karthus,PARTICIPATED_IN_OR_ASSOCIATED_WITH,event:harrowing,,EVENT_PARTICIPATION,UNREVIEWED,CURRENT_OR_REVIEW,MAIN_RUNETERRA,src:riot-bio:karthus,Seed participation mapping; must distinguish actual participation from historical association.,PENDING,TRUE
claim:00321,char:yorick,Yorick,PARTICIPATED_IN_OR_ASSOCIATED_WITH,event:harrowing,,EVENT_PARTICIPATION,UNREVIEWED,CURRENT_OR_REVIEW,MAIN_RUNETERRA,src:riot-bio:yorick,Seed participation mapping; must distinguish actual participation from historical association.,PENDING,TRUE
claim:00322,char:maokai,Maokai,PARTICIPATED_IN_OR_ASSOCIATED_WITH,event:harrowing,,EVENT_PARTICIPATION,UNREVIEWED,CURRENT_OR_REVIEW,MAIN_RUNETERRA,src:riot-bio:maokai,Seed participation mapping; must distinguish actual participation from historical association.,PENDING,TRUE
claim:00323,char:lissandra,Lissandra,PARTICIPATED_IN_OR_ASSOCIATED_WITH,event:war-three-sisters,,EVENT_PARTICIPATION,UNREVIEWED,CURRENT_OR_REVIEW,MAIN_RUNETERRA,src:riot-bio:lissandra,Seed participation mapping; must distinguish actual participation from historical association.,PENDING,TRUE
claim:00324,char:azir,Azir,PARTICIPATED_IN_OR_ASSOCIATED_WITH,event:golden-age-shurima,,EVENT_PARTICIPATION,UNREVIEWED,CURRENT_OR_REVIEW,MAIN_RUNETERRA,src:riot-bio:azir,Seed participation mapping; must distinguish actual participation from historical association.,PENDING,TRUE
claim:00325,char:nasus,Nasus,PARTICIPATED_IN_OR_ASSOCIATED_WITH,event:golden-age-shurima,,EVENT_PARTICIPATION,UNREVIEWED,CURRENT_OR_REVIEW,MAIN_RUNETERRA,src:riot-bio:nasus,Seed participation mapping; must distinguish actual participation from historical association.,PENDING,TRUE
claim:00326,char:renekton,Renekton,PARTICIPATED_IN_OR_ASSOCIATED_WITH,event:golden-age-shurima,,EVENT_PARTICIPATION,UNREVIEWED,CURRENT_OR_REVIEW,MAIN_RUNETERRA,src:riot-bio:renekton,Seed participation mapping; must distinguish actual participation from historical association.,PENDING,TRUE
claim:00327,char:xerath,Xerath,PARTICIPATED_IN_OR_ASSOCIATED_WITH,event:golden-age-shurima,,EVENT_PARTICIPATION,UNREVIEWED,CURRENT_OR_REVIEW,MAIN_RUNETERRA,src:riot-bio:xerath,Seed participation mapping; must distinguish actual participation from historical association.,PENDING,TRUE
claim:00328,char:ambessa,Ambessa,PARTICIPATED_IN_OR_ASSOCIATED_WITH,event:medarda-succession-war,,EVENT_PARTICIPATION,UNREVIEWED,CURRENT_OR_REVIEW,MAIN_RUNETERRA,src:riot-bio:ambessa,Seed participation mapping; must distinguish actual participation from historical association.,PENDING,TRUE
claim:00329,char:mel,Mel,PARTICIPATED_IN_OR_ASSOCIATED_WITH,event:medarda-succession-war,,EVENT_PARTICIPATION,UNREVIEWED,CURRENT_OR_REVIEW,MAIN_RUNETERRA,src:riot-bio:mel,Seed participation mapping; must distinguish actual participation from historical association.,PENDING,TRUE
claim:00330,char:jayce,Jayce,PARTICIPATED_IN_OR_ASSOCIATED_WITH,event:era-hextech,,EVENT_PARTICIPATION,UNREVIEWED,CURRENT_OR_REVIEW,MAIN_RUNETERRA,src:riot-bio:jayce,Seed participation mapping; must distinguish actual participation from historical association.,PENDING,TRUE
claim:00331,char:viktor,Viktor,PARTICIPATED_IN_OR_ASSOCIATED_WITH,event:era-hextech,,EVENT_PARTICIPATION,UNREVIEWED,CURRENT_OR_REVIEW,MAIN_RUNETERRA,src:riot-bio:viktor,Seed participation mapping; must distinguish actual participation from historical association.,PENDING,TRUE
claim:00332,char:heimerdinger,Heimerdinger,PARTICIPATED_IN_OR_ASSOCIATED_WITH,event:era-hextech,,EVENT_PARTICIPATION,UNREVIEWED,CURRENT_OR_REVIEW,MAIN_RUNETERRA,src:riot-bio:heimerdinger,Seed participation mapping; must distinguish actual participation from historical association.,PENDING,TRUE
claim:00333,char:caitlyn,Caitlyn,PARTICIPATED_IN_OR_ASSOCIATED_WITH,event:era-hextech,,EVENT_PARTICIPATION,UNREVIEWED,CURRENT_OR_REVIEW,MAIN_RUNETERRA,src:riot-bio:caitlyn,Seed participation mapping; must distinguish actual participation from historical association.,PENDING,TRUE
claim:00334,char:vi,Vi,PARTICIPATED_IN_OR_ASSOCIATED_WITH,event:era-hextech,,EVENT_PARTICIPATION,UNREVIEWED,CURRENT_OR_REVIEW,MAIN_RUNETERRA,src:riot-bio:vi,Seed participation mapping; must distinguish actual participation from historical association.,PENDING,TRUE
claim:00335,char:jinx,Jinx,PARTICIPATED_IN_OR_ASSOCIATED_WITH,event:era-hextech,,EVENT_PARTICIPATION,UNREVIEWED,CURRENT_OR_REVIEW,MAIN_RUNETERRA,src:riot-bio:jinx,Seed participation mapping; must distinguish actual participation from historical association.,PENDING,TRUE
claim:00336,char:ekko,Ekko,PARTICIPATED_IN_OR_ASSOCIATED_WITH,event:era-hextech,,EVENT_PARTICIPATION,UNREVIEWED,CURRENT_OR_REVIEW,MAIN_RUNETERRA,src:riot-bio:ekko,Seed participation mapping; must distinguish actual participation from historical association.,PENDING,TRUE
claim:00337,char:mel,Mel,PARTICIPATED_IN_OR_ASSOCIATED_WITH,event:era-hextech,,EVENT_PARTICIPATION,UNREVIEWED,CURRENT_OR_REVIEW,MAIN_RUNETERRA,src:riot-bio:mel,Seed participation mapping; must distinguish actual participation from historical association.,PENDING,TRUE
claim:00338,char:ambessa,Ambessa,PARTICIPATED_IN_OR_ASSOCIATED_WITH,event:era-hextech,,EVENT_PARTICIPATION,UNREVIEWED,CURRENT_OR_REVIEW,MAIN_RUNETERRA,src:riot-bio:ambessa,Seed participation mapping; must distinguish actual participation from historical association.,PENDING,TRUE
claim:00339,char:singed,Singed,PARTICIPATED_IN_OR_ASSOCIATED_WITH,event:era-hextech,,EVENT_PARTICIPATION,UNREVIEWED,CURRENT_OR_REVIEW,MAIN_RUNETERRA,src:riot-bio:singed,Seed participation mapping; must distinguish actual participation from historical association.,PENDING,TRUE
claim:00340,char:warwick,Warwick,PARTICIPATED_IN_OR_ASSOCIATED_WITH,event:era-hextech,,EVENT_PARTICIPATION,UNREVIEWED,CURRENT_OR_REVIEW,MAIN_RUNETERRA,src:riot-bio:warwick,Seed participation mapping; must distinguish actual participation from historical association.,PENDING,TRUE
