entity_id,entity_name,entity_type,priority,issue_type,issue,missing_fields,candidate_source_urls,status,notes
char:aatrox,Aatrox,CHAMPION,HIGH,PROFILE_ENRICHMENT,Upgrade from indexed profile to source-backed lore-complete profile.,official_title|narrative_roles|species|status|aliases|full_original_summary|timeline|events|relationships|primary_sources,https://www.leagueoflegends.com/en-us/champions/aatrox/|https://wiki.leagueoflegends.com/en-us/Universe%3AAatrox,OPEN,Do not copy long source text. Extract facts and write original concise synthesis.
char:ahri,Ahri,CHAMPION,MEDIUM,PROFILE_ENRICHMENT,Upgrade from indexed profile to source-backed lore-complete profile.,official_title|narrative_roles|species|status|aliases|full_original_summary|timeline|events|relationships|primary_sources,https://www.leagueoflegends.com/en-us/champions/ahri/|https://wiki.leagueoflegends.com/en-us/Universe%3AAhri,OPEN,Do not copy long source text. Extract facts and write original concise synthesis.
char:akali,Akali,CHAMPION,MEDIUM,PROFILE_ENRICHMENT,Upgrade from indexed profile to source-backed lore-complete profile.,official_title|narrative_roles|species|status|aliases|full_original_summary|timeline|events|relationships|primary_sources,https://www.leagueoflegends.com/en-us/champions/akali/|https://wiki.leagueoflegends.com/en-us/Universe%3AAkali,OPEN,Do not copy long source text. Extract facts and write original concise synthesis.
char:akshan,Akshan,CHAMPION,MEDIUM,PROFILE_ENRICHMENT,Upgrade from indexed profile to source-backed lore-complete profile.,official_title|narrative_roles|species|status|aliases|full_original_summary|timeline|events|relationships|primary_sources,https://www.leagueoflegends.com/en-us/champions/akshan/|https://wiki.leagueoflegends.com/en-us/Universe%3AAkshan,OPEN,Do not copy long source text. Extract facts and write original concise synthesis.
char:alistar,Alistar,CHAMPION,MEDIUM,PROFILE_ENRICHMENT,Upgrade from indexed profile to source-backed lore-complete profile.,official_title|narrative_roles|species|status|aliases|full_original_summary|timeline|events|relationships|primary_sources,https://www.leagueoflegends.com/en-us/champions/alistar/|https://wiki.leagueoflegends.com/en-us/Universe%3AAlistar,OPEN,Do not copy long source text. Extract facts and write original concise synthesis.
char:ambessa,Ambessa,CHAMPION,HIGH,PROFILE_ENRICHMENT,Upgrade from indexed profile to source-backed lore-complete profile.,official_title|narrative_roles|species|status|aliases|full_original_summary|timeline|events|relationships|primary_sources,https://www.leagueoflegends.com/en-us/champions/ambessa/|https://wiki.leagueoflegends.com/en-us/Universe%3AAmbessa,OPEN,Do not copy long source text. Extract facts and write original concise synthesis.
char:amumu,Amumu,CHAMPION,MEDIUM,PROFILE_ENRICHMENT,Upgrade from indexed profile to source-backed lore-complete profile.,official_title|narrative_roles|species|status|aliases|full_original_summary|timeline|events|relationships|primary_sources,https://www.leagueoflegends.com/en-us/champions/amumu/|https://wiki.leagueoflegends.com/en-us/Universe%3AAmumu,OPEN,Do not copy long source text. Extract facts and write original concise synthesis.
char:anivia,Anivia,CHAMPION,MEDIUM,PROFILE_ENRICHMENT,Upgrade from indexed profile to source-backed lore-complete profile.,official_title|narrative_roles|species|status|aliases|full_original_summary|timeline|events|relationships|primary_sources,https://www.leagueoflegends.com/en-us/champions/anivia/|https://wiki.leagueoflegends.com/en-us/Universe%3AAnivia,OPEN,Do not copy long source text. Extract facts and write original concise synthesis.
char:annie,Annie,CHAMPION,MEDIUM,PROFILE_ENRICHMENT,Upgrade from indexed profile to source-backed lore-complete profile.,official_title|narrative_roles|species|status|aliases|full_original_summary|timeline|events|relationships|primary_sources,https://www.leagueoflegends.com/en-us/champions/annie/|https://wiki.leagueoflegends.com/en-us/Universe%3AAnnie,OPEN,Do not copy long source text. Extract facts and write original concise synthesis.
char:aphelios,Aphelios,CHAMPION,MEDIUM,PROFILE_ENRICHMENT,Upgrade from indexed profile to source-backed lore-complete profile.,official_title|narrative_roles|species|status|aliases|full_original_summary|timeline|events|relationships|primary_sources,https://www.leagueoflegends.com/en-us/champions/aphelios/|https://wiki.leagueoflegends.com/en-us/Universe%3AAphelios,OPEN,Do not copy long source text. Extract facts and write original concise synthesis.
char:ashe,Ashe,CHAMPION,MEDIUM,PROFILE_ENRICHMENT,Upgrade from indexed profile to source-backed lore-complete profile.,official_title|narrative_roles|species|status|aliases|full_original_summary|timeline|events|relationships|primary_sources,https://www.leagueoflegends.com/en-us/champions/ashe/|https://wiki.leagueoflegends.com/en-us/Universe%3AAshe,OPEN,Do not copy long source text. Extract facts and write original concise synthesis.
char:aurelion-sol,Aurelion Sol,CHAMPION,MEDIUM,PROFILE_ENRICHMENT,Upgrade from indexed profile to source-backed lore-complete profile.,official_title|narrative_roles|species|status|aliases|full_original_summary|timeline|events|relationships|primary_sources,https://www.leagueoflegends.com/en-us/champions/aurelion-sol/|https://wiki.leagueoflegends.com/en-us/Universe%3AAurelion_Sol,OPEN,Do not copy long source text. Extract facts and write original concise synthesis.
char:aurora,Aurora,CHAMPION,MEDIUM,PROFILE_ENRICHMENT,Upgrade from indexed profile to source-backed lore-complete profile.,official_title|narrative_roles|species|status|aliases|full_original_summary|timeline|events|relationships|primary_sources,https://www.leagueoflegends.com/en-us/champions/aurora/|https://wiki.leagueoflegends.com/en-us/Universe%3AAurora,OPEN,Do not copy long source text. Extract facts and write original concise synthesis.
char:azir,Azir,CHAMPION,MEDIUM,PROFILE_ENRICHMENT,Upgrade from indexed profile to source-backed lore-complete profile.,official_title|narrative_roles|species|status|aliases|full_original_summary|timeline|events|relationships|primary_sources,https://www.leagueoflegends.com/en-us/champions/azir/|https://wiki.leagueoflegends.com/en-us/Universe%3AAzir,OPEN,Do not copy long source text. Extract facts and write original concise synthesis.
char:bard,Bard,CHAMPION,MEDIUM,PROFILE_ENRICHMENT,Upgrade from indexed profile to source-backed lore-complete profile.,official_title|narrative_roles|species|status|aliases|full_original_summary|timeline|events|relationships|primary_sources,https://www.leagueoflegends.com/en-us/champions/bard/|https://wiki.leagueoflegends.com/en-us/Universe%3ABard,OPEN,Do not copy long source text. Extract facts and write original concise synthesis.
char:bel-veth,Bel'Veth,CHAMPION,MEDIUM,PROFILE_ENRICHMENT,Upgrade from indexed profile to source-backed lore-complete profile.,official_title|narrative_roles|species|status|aliases|full_original_summary|timeline|events|relationships|primary_sources,https://www.leagueoflegends.com/en-us/champions/bel-veth/|https://wiki.leagueoflegends.com/en-us/Universe%3ABel'Veth,OPEN,Do not copy long source text. Extract facts and write original concise synthesis.
char:blitzcrank,Blitzcrank,CHAMPION,MEDIUM,PROFILE_ENRICHMENT,Upgrade from indexed profile to source-backed lore-complete profile.,official_title|narrative_roles|species|status|aliases|full_original_summary|timeline|events|relationships|primary_sources,https://www.leagueoflegends.com/en-us/champions/blitzcrank/|https://wiki.leagueoflegends.com/en-us/Universe%3ABlitzcrank,OPEN,Do not copy long source text. Extract facts and write original concise synthesis.
char:brand,Brand,CHAMPION,MEDIUM,PROFILE_ENRICHMENT,Upgrade from indexed profile to source-backed lore-complete profile.,official_title|narrative_roles|species|status|aliases|full_original_summary|timeline|events|relationships|primary_sources,https://www.leagueoflegends.com/en-us/champions/brand/|https://wiki.leagueoflegends.com/en-us/Universe%3ABrand,OPEN,Do not copy long source text. Extract facts and write original concise synthesis.
char:braum,Braum,CHAMPION,MEDIUM,PROFILE_ENRICHMENT,Upgrade from indexed profile to source-backed lore-complete profile.,official_title|narrative_roles|species|status|aliases|full_original_summary|timeline|events|relationships|primary_sources,https://www.leagueoflegends.com/en-us/champions/braum/|https://wiki.leagueoflegends.com/en-us/Universe%3ABraum,OPEN,Do not copy long source text. Extract facts and write original concise synthesis.
char:briar,Briar,CHAMPION,MEDIUM,PROFILE_ENRICHMENT,Upgrade from indexed profile to source-backed lore-complete profile.,official_title|narrative_roles|species|status|aliases|full_original_summary|timeline|events|relationships|primary_sources,https://www.leagueoflegends.com/en-us/champions/briar/|https://wiki.leagueoflegends.com/en-us/Universe%3ABriar,OPEN,Do not copy long source text. Extract facts and write original concise synthesis.
char:caitlyn,Caitlyn,CHAMPION,MEDIUM,PROFILE_ENRICHMENT,Upgrade from indexed profile to source-backed lore-complete profile.,official_title|narrative_roles|species|status|aliases|full_original_summary|timeline|events|relationships|primary_sources,https://www.leagueoflegends.com/en-us/champions/caitlyn/|https://wiki.leagueoflegends.com/en-us/Universe%3ACaitlyn,OPEN,Do not copy long source text. Extract facts and write original concise synthesis.
char:camille,Camille,CHAMPION,MEDIUM,PROFILE_ENRICHMENT,Upgrade from indexed profile to source-backed lore-complete profile.,official_title|narrative_roles|species|status|aliases|full_original_summary|timeline|events|relationships|primary_sources,https://www.leagueoflegends.com/en-us/champions/camille/|https://wiki.leagueoflegends.com/en-us/Universe%3ACamille,OPEN,Do not copy long source text. Extract facts and write original concise synthesis.
char:cassiopeia,Cassiopeia,CHAMPION,MEDIUM,PROFILE_ENRICHMENT,Upgrade from indexed profile to source-backed lore-complete profile.,official_title|narrative_roles|species|status|aliases|full_original_summary|timeline|events|relationships|primary_sources,https://www.leagueoflegends.com/en-us/champions/cassiopeia/|https://wiki.leagueoflegends.com/en-us/Universe%3ACassiopeia,OPEN,Do not copy long source text. Extract facts and write original concise synthesis.
char:cho-gath,Cho'Gath,CHAMPION,MEDIUM,PROFILE_ENRICHMENT,Upgrade from indexed profile to source-backed lore-complete profile.,official_title|narrative_roles|species|status|aliases|full_original_summary|timeline|events|relationships|primary_sources,https://www.leagueoflegends.com/en-us/champions/cho-gath/|https://wiki.leagueoflegends.com/en-us/Universe%3ACho'Gath,OPEN,Do not copy long source text. Extract facts and write original concise synthesis.
char:corki,Corki,CHAMPION,MEDIUM,PROFILE_ENRICHMENT,Upgrade from indexed profile to source-backed lore-complete profile.,official_title|narrative_roles|species|status|aliases|full_original_summary|timeline|events|relationships|primary_sources,https://www.leagueoflegends.com/en-us/champions/corki/|https://wiki.leagueoflegends.com/en-us/Universe%3ACorki,OPEN,Do not copy long source text. Extract facts and write original concise synthesis.
char:darius,Darius,CHAMPION,MEDIUM,PROFILE_ENRICHMENT,Upgrade from indexed profile to source-backed lore-complete profile.,official_title|narrative_roles|species|status|aliases|full_original_summary|timeline|events|relationships|primary_sources,https://www.leagueoflegends.com/en-us/champions/darius/|https://wiki.leagueoflegends.com/en-us/Universe%3ADarius,OPEN,Do not copy long source text. Extract facts and write original concise synthesis.
char:diana,Diana,CHAMPION,MEDIUM,PROFILE_ENRICHMENT,Upgrade from indexed profile to source-backed lore-complete profile.,official_title|narrative_roles|species|status|aliases|full_original_summary|timeline|events|relationships|primary_sources,https://www.leagueoflegends.com/en-us/champions/diana/|https://wiki.leagueoflegends.com/en-us/Universe%3ADiana,OPEN,Do not copy long source text. Extract facts and write original concise synthesis.
char:dr-mundo,Dr. Mundo,CHAMPION,MEDIUM,PROFILE_ENRICHMENT,Upgrade from indexed profile to source-backed lore-complete profile.,official_title|narrative_roles|species|status|aliases|full_original_summary|timeline|events|relationships|primary_sources,https://www.leagueoflegends.com/en-us/champions/dr-mundo/|https://wiki.leagueoflegends.com/en-us/Universe%3ADr._Mundo,OPEN,Do not copy long source text. Extract facts and write original concise synthesis.
char:draven,Draven,CHAMPION,MEDIUM,PROFILE_ENRICHMENT,Upgrade from indexed profile to source-backed lore-complete profile.,official_title|narrative_roles|species|status|aliases|full_original_summary|timeline|events|relationships|primary_sources,https://www.leagueoflegends.com/en-us/champions/draven/|https://wiki.leagueoflegends.com/en-us/Universe%3ADraven,OPEN,Do not copy long source text. Extract facts and write original concise synthesis.
char:ekko,Ekko,CHAMPION,MEDIUM,PROFILE_ENRICHMENT,Upgrade from indexed profile to source-backed lore-complete profile.,official_title|narrative_roles|species|status|aliases|full_original_summary|timeline|events|relationships|primary_sources,https://www.leagueoflegends.com/en-us/champions/ekko/|https://wiki.leagueoflegends.com/en-us/Universe%3AEkko,OPEN,Do not copy long source text. Extract facts and write original concise synthesis.
char:elise,Elise,CHAMPION,MEDIUM,PROFILE_ENRICHMENT,Upgrade from indexed profile to source-backed lore-complete profile.,official_title|narrative_roles|species|status|aliases|full_original_summary|timeline|events|relationships|primary_sources,https://www.leagueoflegends.com/en-us/champions/elise/|https://wiki.leagueoflegends.com/en-us/Universe%3AElise,OPEN,Do not copy long source text. Extract facts and write original concise synthesis.
char:evelynn,Evelynn,CHAMPION,MEDIUM,PROFILE_ENRICHMENT,Upgrade from indexed profile to source-backed lore-complete profile.,official_title|narrative_roles|species|status|aliases|full_original_summary|timeline|events|relationships|primary_sources,https://www.leagueoflegends.com/en-us/champions/evelynn/|https://wiki.leagueoflegends.com/en-us/Universe%3AEvelynn,OPEN,Do not copy long source text. Extract facts and write original concise synthesis.
char:ezreal,Ezreal,CHAMPION,MEDIUM,PROFILE_ENRICHMENT,Upgrade from indexed profile to source-backed lore-complete profile.,official_title|narrative_roles|species|status|aliases|full_original_summary|timeline|events|relationships|primary_sources,https://www.leagueoflegends.com/en-us/champions/ezreal/|https://wiki.leagueoflegends.com/en-us/Universe%3AEzreal,OPEN,Do not copy long source text. Extract facts and write original concise synthesis.
char:fiddlesticks,Fiddlesticks,CHAMPION,MEDIUM,PROFILE_ENRICHMENT,Upgrade from indexed profile to source-backed lore-complete profile.,official_title|narrative_roles|species|status|aliases|full_original_summary|timeline|events|relationships|primary_sources,https://www.leagueoflegends.com/en-us/champions/fiddlesticks/|https://wiki.leagueoflegends.com/en-us/Universe%3AFiddlesticks,OPEN,Do not copy long source text. Extract facts and write original concise synthesis.
char:fiora,Fiora,CHAMPION,MEDIUM,PROFILE_ENRICHMENT,Upgrade from indexed profile to source-backed lore-complete profile.,official_title|narrative_roles|species|status|aliases|full_original_summary|timeline|events|relationships|primary_sources,https://www.leagueoflegends.com/en-us/champions/fiora/|https://wiki.leagueoflegends.com/en-us/Universe%3AFiora,OPEN,Do not copy long source text. Extract facts and write original concise synthesis.
char:fizz,Fizz,CHAMPION,MEDIUM,PROFILE_ENRICHMENT,Upgrade from indexed profile to source-backed lore-complete profile.,official_title|narrative_roles|species|status|aliases|full_original_summary|timeline|events|relationships|primary_sources,https://www.leagueoflegends.com/en-us/champions/fizz/|https://wiki.leagueoflegends.com/en-us/Universe%3AFizz,OPEN,Do not copy long source text. Extract facts and write original concise synthesis.
char:galio,Galio,CHAMPION,MEDIUM,PROFILE_ENRICHMENT,Upgrade from indexed profile to source-backed lore-complete profile.,official_title|narrative_roles|species|status|aliases|full_original_summary|timeline|events|relationships|primary_sources,https://www.leagueoflegends.com/en-us/champions/galio/|https://wiki.leagueoflegends.com/en-us/Universe%3AGalio,OPEN,Do not copy long source text. Extract facts and write original concise synthesis.
char:gangplank,Gangplank,CHAMPION,MEDIUM,PROFILE_ENRICHMENT,Upgrade from indexed profile to source-backed lore-complete profile.,official_title|narrative_roles|species|status|aliases|full_original_summary|timeline|events|relationships|primary_sources,https://www.leagueoflegends.com/en-us/champions/gangplank/|https://wiki.leagueoflegends.com/en-us/Universe%3AGangplank,OPEN,Do not copy long source text. Extract facts and write original concise synthesis.
char:garen,Garen,CHAMPION,MEDIUM,PROFILE_ENRICHMENT,Upgrade from indexed profile to source-backed lore-complete profile.,official_title|narrative_roles|species|status|aliases|full_original_summary|timeline|events|relationships|primary_sources,https://www.leagueoflegends.com/en-us/champions/garen/|https://wiki.leagueoflegends.com/en-us/Universe%3AGaren,OPEN,Do not copy long source text. Extract facts and write original concise synthesis.
char:gnar,Gnar,CHAMPION,MEDIUM,PROFILE_ENRICHMENT,Upgrade from indexed profile to source-backed lore-complete profile.,official_title|narrative_roles|species|status|aliases|full_original_summary|timeline|events|relationships|primary_sources,https://www.leagueoflegends.com/en-us/champions/gnar/|https://wiki.leagueoflegends.com/en-us/Universe%3AGnar,OPEN,Do not copy long source text. Extract facts and write original concise synthesis.
char:gragas,Gragas,CHAMPION,MEDIUM,PROFILE_ENRICHMENT,Upgrade from indexed profile to source-backed lore-complete profile.,official_title|narrative_roles|species|status|aliases|full_original_summary|timeline|events|relationships|primary_sources,https://www.leagueoflegends.com/en-us/champions/gragas/|https://wiki.leagueoflegends.com/en-us/Universe%3AGragas,OPEN,Do not copy long source text. Extract facts and write original concise synthesis.
char:graves,Graves,CHAMPION,MEDIUM,PROFILE_ENRICHMENT,Upgrade from indexed profile to source-backed lore-complete profile.,official_title|narrative_roles|species|status|aliases|full_original_summary|timeline|events|relationships|primary_sources,https://www.leagueoflegends.com/en-us/champions/graves/|https://wiki.leagueoflegends.com/en-us/Universe%3AGraves,OPEN,Do not copy long source text. Extract facts and write original concise synthesis.
char:gwen,Gwen,CHAMPION,MEDIUM,PROFILE_ENRICHMENT,Upgrade from indexed profile to source-backed lore-complete profile.,official_title|narrative_roles|species|status|aliases|full_original_summary|timeline|events|relationships|primary_sources,https://www.leagueoflegends.com/en-us/champions/gwen/|https://wiki.leagueoflegends.com/en-us/Universe%3AGwen,OPEN,Do not copy long source text. Extract facts and write original concise synthesis.
char:hecarim,Hecarim,CHAMPION,MEDIUM,PROFILE_ENRICHMENT,Upgrade from indexed profile to source-backed lore-complete profile.,official_title|narrative_roles|species|status|aliases|full_original_summary|timeline|events|relationships|primary_sources,https://www.leagueoflegends.com/en-us/champions/hecarim/|https://wiki.leagueoflegends.com/en-us/Universe%3AHecarim,OPEN,Do not copy long source text. Extract facts and write original concise synthesis.
char:heimerdinger,Heimerdinger,CHAMPION,MEDIUM,PROFILE_ENRICHMENT,Upgrade from indexed profile to source-backed lore-complete profile.,official_title|narrative_roles|species|status|aliases|full_original_summary|timeline|events|relationships|primary_sources,https://www.leagueoflegends.com/en-us/champions/heimerdinger/|https://wiki.leagueoflegends.com/en-us/Universe%3AHeimerdinger,OPEN,Do not copy long source text. Extract facts and write original concise synthesis.
char:hwei,Hwei,CHAMPION,MEDIUM,PROFILE_ENRICHMENT,Upgrade from indexed profile to source-backed lore-complete profile.,official_title|narrative_roles|species|status|aliases|full_original_summary|timeline|events|relationships|primary_sources,https://www.leagueoflegends.com/en-us/champions/hwei/|https://wiki.leagueoflegends.com/en-us/Universe%3AHwei,OPEN,Do not copy long source text. Extract facts and write original concise synthesis.
char:illaoi,Illaoi,CHAMPION,MEDIUM,PROFILE_ENRICHMENT,Upgrade from indexed profile to source-backed lore-complete profile.,official_title|narrative_roles|species|status|aliases|full_original_summary|timeline|events|relationships|primary_sources,https://www.leagueoflegends.com/en-us/champions/illaoi/|https://wiki.leagueoflegends.com/en-us/Universe%3AIllaoi,OPEN,Do not copy long source text. Extract facts and write original concise synthesis.
char:irelia,Irelia,CHAMPION,MEDIUM,PROFILE_ENRICHMENT,Upgrade from indexed profile to source-backed lore-complete profile.,official_title|narrative_roles|species|status|aliases|full_original_summary|timeline|events|relationships|primary_sources,https://www.leagueoflegends.com/en-us/champions/irelia/|https://wiki.leagueoflegends.com/en-us/Universe%3AIrelia,OPEN,Do not copy long source text. Extract facts and write original concise synthesis.
char:ivern,Ivern,CHAMPION,MEDIUM,PROFILE_ENRICHMENT,Upgrade from indexed profile to source-backed lore-complete profile.,official_title|narrative_roles|species|status|aliases|full_original_summary|timeline|events|relationships|primary_sources,https://www.leagueoflegends.com/en-us/champions/ivern/|https://wiki.leagueoflegends.com/en-us/Universe%3AIvern,OPEN,Do not copy long source text. Extract facts and write original concise synthesis.
char:janna,Janna,CHAMPION,MEDIUM,PROFILE_ENRICHMENT,Upgrade from indexed profile to source-backed lore-complete profile.,official_title|narrative_roles|species|status|aliases|full_original_summary|timeline|events|relationships|primary_sources,https://www.leagueoflegends.com/en-us/champions/janna/|https://wiki.leagueoflegends.com/en-us/Universe%3AJanna,OPEN,Do not copy long source text. Extract facts and write original concise synthesis.
char:jarvan-iv,Jarvan IV,CHAMPION,MEDIUM,PROFILE_ENRICHMENT,Upgrade from indexed profile to source-backed lore-complete profile.,official_title|narrative_roles|species|status|aliases|full_original_summary|timeline|events|relationships|primary_sources,https://www.leagueoflegends.com/en-us/champions/jarvan-iv/|https://wiki.leagueoflegends.com/en-us/Universe%3AJarvan_IV,OPEN,Do not copy long source text. Extract facts and write original concise synthesis.
char:jax,Jax,CHAMPION,MEDIUM,PROFILE_ENRICHMENT,Upgrade from indexed profile to source-backed lore-complete profile.,official_title|narrative_roles|species|status|aliases|full_original_summary|timeline|events|relationships|primary_sources,https://www.leagueoflegends.com/en-us/champions/jax/|https://wiki.leagueoflegends.com/en-us/Universe%3AJax,OPEN,Do not copy long source text. Extract facts and write original concise synthesis.
char:jayce,Jayce,CHAMPION,MEDIUM,PROFILE_ENRICHMENT,Upgrade from indexed profile to source-backed lore-complete profile.,official_title|narrative_roles|species|status|aliases|full_original_summary|timeline|events|relationships|primary_sources,https://www.leagueoflegends.com/en-us/champions/jayce/|https://wiki.leagueoflegends.com/en-us/Universe%3AJayce,OPEN,Do not copy long source text. Extract facts and write original concise synthesis.
char:jhin,Jhin,CHAMPION,MEDIUM,PROFILE_ENRICHMENT,Upgrade from indexed profile to source-backed lore-complete profile.,official_title|narrative_roles|species|status|aliases|full_original_summary|timeline|events|relationships|primary_sources,https://www.leagueoflegends.com/en-us/champions/jhin/|https://wiki.leagueoflegends.com/en-us/Universe%3AJhin,OPEN,Do not copy long source text. Extract facts and write original concise synthesis.
char:jinx,Jinx,CHAMPION,MEDIUM,PROFILE_ENRICHMENT,Upgrade from indexed profile to source-backed lore-complete profile.,official_title|narrative_roles|species|status|aliases|full_original_summary|timeline|events|relationships|primary_sources,https://www.leagueoflegends.com/en-us/champions/jinx/|https://wiki.leagueoflegends.com/en-us/Universe%3AJinx,OPEN,Do not copy long source text. Extract facts and write original concise synthesis.
char:k-sante,K'Sante,CHAMPION,MEDIUM,PROFILE_ENRICHMENT,Upgrade from indexed profile to source-backed lore-complete profile.,official_title|narrative_roles|species|status|aliases|full_original_summary|timeline|events|relationships|primary_sources,https://www.leagueoflegends.com/en-us/champions/k-sante/|https://wiki.leagueoflegends.com/en-us/Universe%3AK'Sante,OPEN,Do not copy long source text. Extract facts and write original concise synthesis.
char:kai-sa,Kai'Sa,CHAMPION,HIGH,PROFILE_ENRICHMENT,Upgrade from indexed profile to source-backed lore-complete profile.,official_title|narrative_roles|species|status|aliases|full_original_summary|timeline|events|relationships|primary_sources,https://www.leagueoflegends.com/en-us/champions/kai-sa/|https://wiki.leagueoflegends.com/en-us/Universe%3AKai'Sa,OPEN,Do not copy long source text. Extract facts and write original concise synthesis.
char:kalista,Kalista,CHAMPION,MEDIUM,PROFILE_ENRICHMENT,Upgrade from indexed profile to source-backed lore-complete profile.,official_title|narrative_roles|species|status|aliases|full_original_summary|timeline|events|relationships|primary_sources,https://www.leagueoflegends.com/en-us/champions/kalista/|https://wiki.leagueoflegends.com/en-us/Universe%3AKalista,OPEN,Do not copy long source text. Extract facts and write original concise synthesis.
char:karma,Karma,CHAMPION,MEDIUM,PROFILE_ENRICHMENT,Upgrade from indexed profile to source-backed lore-complete profile.,official_title|narrative_roles|species|status|aliases|full_original_summary|timeline|events|relationships|primary_sources,https://www.leagueoflegends.com/en-us/champions/karma/|https://wiki.leagueoflegends.com/en-us/Universe%3AKarma,OPEN,Do not copy long source text. Extract facts and write original concise synthesis.
char:karthus,Karthus,CHAMPION,MEDIUM,PROFILE_ENRICHMENT,Upgrade from indexed profile to source-backed lore-complete profile.,official_title|narrative_roles|species|status|aliases|full_original_summary|timeline|events|relationships|primary_sources,https://www.leagueoflegends.com/en-us/champions/karthus/|https://wiki.leagueoflegends.com/en-us/Universe%3AKarthus,OPEN,Do not copy long source text. Extract facts and write original concise synthesis.
char:kassadin,Kassadin,CHAMPION,MEDIUM,PROFILE_ENRICHMENT,Upgrade from indexed profile to source-backed lore-complete profile.,official_title|narrative_roles|species|status|aliases|full_original_summary|timeline|events|relationships|primary_sources,https://www.leagueoflegends.com/en-us/champions/kassadin/|https://wiki.leagueoflegends.com/en-us/Universe%3AKassadin,OPEN,Do not copy long source text. Extract facts and write original concise synthesis.
char:katarina,Katarina,CHAMPION,MEDIUM,PROFILE_ENRICHMENT,Upgrade from indexed profile to source-backed lore-complete profile.,official_title|narrative_roles|species|status|aliases|full_original_summary|timeline|events|relationships|primary_sources,https://www.leagueoflegends.com/en-us/champions/katarina/|https://wiki.leagueoflegends.com/en-us/Universe%3AKatarina,OPEN,Do not copy long source text. Extract facts and write original concise synthesis.
char:kayle,Kayle,CHAMPION,MEDIUM,PROFILE_ENRICHMENT,Upgrade from indexed profile to source-backed lore-complete profile.,official_title|narrative_roles|species|status|aliases|full_original_summary|timeline|events|relationships|primary_sources,https://www.leagueoflegends.com/en-us/champions/kayle/|https://wiki.leagueoflegends.com/en-us/Universe%3AKayle,OPEN,Do not copy long source text. Extract facts and write original concise synthesis.
char:kayn,Kayn,CHAMPION,MEDIUM,PROFILE_ENRICHMENT,Upgrade from indexed profile to source-backed lore-complete profile.,official_title|narrative_roles|species|status|aliases|full_original_summary|timeline|events|relationships|primary_sources,https://www.leagueoflegends.com/en-us/champions/kayn/|https://wiki.leagueoflegends.com/en-us/Universe%3AKayn,OPEN,Do not copy long source text. Extract facts and write original concise synthesis.
char:kennen,Kennen,CHAMPION,MEDIUM,PROFILE_ENRICHMENT,Upgrade from indexed profile to source-backed lore-complete profile.,official_title|narrative_roles|species|status|aliases|full_original_summary|timeline|events|relationships|primary_sources,https://www.leagueoflegends.com/en-us/champions/kennen/|https://wiki.leagueoflegends.com/en-us/Universe%3AKennen,OPEN,Do not copy long source text. Extract facts and write original concise synthesis.
char:kha-zix,Kha'Zix,CHAMPION,MEDIUM,PROFILE_ENRICHMENT,Upgrade from indexed profile to source-backed lore-complete profile.,official_title|narrative_roles|species|status|aliases|full_original_summary|timeline|events|relationships|primary_sources,https://www.leagueoflegends.com/en-us/champions/kha-zix/|https://wiki.leagueoflegends.com/en-us/Universe%3AKha'Zix,OPEN,Do not copy long source text. Extract facts and write original concise synthesis.
char:kindred,Kindred,CHAMPION,MEDIUM,PROFILE_ENRICHMENT,Upgrade from indexed profile to source-backed lore-complete profile.,official_title|narrative_roles|species|status|aliases|full_original_summary|timeline|events|relationships|primary_sources,https://www.leagueoflegends.com/en-us/champions/kindred/|https://wiki.leagueoflegends.com/en-us/Universe%3AKindred,OPEN,Do not copy long source text. Extract facts and write original concise synthesis.
char:kled,Kled,CHAMPION,MEDIUM,PROFILE_ENRICHMENT,Upgrade from indexed profile to source-backed lore-complete profile.,official_title|narrative_roles|species|status|aliases|full_original_summary|timeline|events|relationships|primary_sources,https://www.leagueoflegends.com/en-us/champions/kled/|https://wiki.leagueoflegends.com/en-us/Universe%3AKled,OPEN,Do not copy long source text. Extract facts and write original concise synthesis.
char:kog-maw,Kog'Maw,CHAMPION,MEDIUM,PROFILE_ENRICHMENT,Upgrade from indexed profile to source-backed lore-complete profile.,official_title|narrative_roles|species|status|aliases|full_original_summary|timeline|events|relationships|primary_sources,https://www.leagueoflegends.com/en-us/champions/kog-maw/|https://wiki.leagueoflegends.com/en-us/Universe%3AKog'Maw,OPEN,Do not copy long source text. Extract facts and write original concise synthesis.
char:leblanc,LeBlanc,CHAMPION,MEDIUM,PROFILE_ENRICHMENT,Upgrade from indexed profile to source-backed lore-complete profile.,official_title|narrative_roles|species|status|aliases|full_original_summary|timeline|events|relationships|primary_sources,https://www.leagueoflegends.com/en-us/champions/leblanc/|https://wiki.leagueoflegends.com/en-us/Universe%3ALeBlanc,OPEN,Do not copy long source text. Extract facts and write original concise synthesis.
char:lee-sin,Lee Sin,CHAMPION,MEDIUM,PROFILE_ENRICHMENT,Upgrade from indexed profile to source-backed lore-complete profile.,official_title|narrative_roles|species|status|aliases|full_original_summary|timeline|events|relationships|primary_sources,https://www.leagueoflegends.com/en-us/champions/lee-sin/|https://wiki.leagueoflegends.com/en-us/Universe%3ALee_Sin,OPEN,Do not copy long source text. Extract facts and write original concise synthesis.
char:leona,Leona,CHAMPION,MEDIUM,PROFILE_ENRICHMENT,Upgrade from indexed profile to source-backed lore-complete profile.,official_title|narrative_roles|species|status|aliases|full_original_summary|timeline|events|relationships|primary_sources,https://www.leagueoflegends.com/en-us/champions/leona/|https://wiki.leagueoflegends.com/en-us/Universe%3ALeona,OPEN,Do not copy long source text. Extract facts and write original concise synthesis.
char:lillia,Lillia,CHAMPION,MEDIUM,PROFILE_ENRICHMENT,Upgrade from indexed profile to source-backed lore-complete profile.,official_title|narrative_roles|species|status|aliases|full_original_summary|timeline|events|relationships|primary_sources,https://www.leagueoflegends.com/en-us/champions/lillia/|https://wiki.leagueoflegends.com/en-us/Universe%3ALillia,OPEN,Do not copy long source text. Extract facts and write original concise synthesis.
char:lissandra,Lissandra,CHAMPION,MEDIUM,PROFILE_ENRICHMENT,Upgrade from indexed profile to source-backed lore-complete profile.,official_title|narrative_roles|species|status|aliases|full_original_summary|timeline|events|relationships|primary_sources,https://www.leagueoflegends.com/en-us/champions/lissandra/|https://wiki.leagueoflegends.com/en-us/Universe%3ALissandra,OPEN,Do not copy long source text. Extract facts and write original concise synthesis.
char:locke,Locke,CHAMPION,HIGH,PROFILE_ENRICHMENT,Upgrade from indexed profile to source-backed lore-complete profile.,official_title|narrative_roles|species|status|aliases|full_original_summary|timeline|events|relationships|primary_sources,https://www.leagueoflegends.com/en-us/champions/locke/|https://wiki.leagueoflegends.com/en-us/Universe%3ALocke,OPEN,Do not copy long source text. Extract facts and write original concise synthesis.
char:lucian,Lucian,CHAMPION,MEDIUM,PROFILE_ENRICHMENT,Upgrade from indexed profile to source-backed lore-complete profile.,official_title|narrative_roles|species|status|aliases|full_original_summary|timeline|events|relationships|primary_sources,https://www.leagueoflegends.com/en-us/champions/lucian/|https://wiki.leagueoflegends.com/en-us/Universe%3ALucian,OPEN,Do not copy long source text. Extract facts and write original concise synthesis.
char:lulu,Lulu,CHAMPION,MEDIUM,PROFILE_ENRICHMENT,Upgrade from indexed profile to source-backed lore-complete profile.,official_title|narrative_roles|species|status|aliases|full_original_summary|timeline|events|relationships|primary_sources,https://www.leagueoflegends.com/en-us/champions/lulu/|https://wiki.leagueoflegends.com/en-us/Universe%3ALulu,OPEN,Do not copy long source text. Extract facts and write original concise synthesis.
char:lux,Lux,CHAMPION,MEDIUM,PROFILE_ENRICHMENT,Upgrade from indexed profile to source-backed lore-complete profile.,official_title|narrative_roles|species|status|aliases|full_original_summary|timeline|events|relationships|primary_sources,https://www.leagueoflegends.com/en-us/champions/lux/|https://wiki.leagueoflegends.com/en-us/Universe%3ALux,OPEN,Do not copy long source text. Extract facts and write original concise synthesis.
char:malphite,Malphite,CHAMPION,MEDIUM,PROFILE_ENRICHMENT,Upgrade from indexed profile to source-backed lore-complete profile.,official_title|narrative_roles|species|status|aliases|full_original_summary|timeline|events|relationships|primary_sources,https://www.leagueoflegends.com/en-us/champions/malphite/|https://wiki.leagueoflegends.com/en-us/Universe%3AMalphite,OPEN,Do not copy long source text. Extract facts and write original concise synthesis.
char:malzahar,Malzahar,CHAMPION,MEDIUM,PROFILE_ENRICHMENT,Upgrade from indexed profile to source-backed lore-complete profile.,official_title|narrative_roles|species|status|aliases|full_original_summary|timeline|events|relationships|primary_sources,https://www.leagueoflegends.com/en-us/champions/malzahar/|https://wiki.leagueoflegends.com/en-us/Universe%3AMalzahar,OPEN,Do not copy long source text. Extract facts and write original concise synthesis.
char:maokai,Maokai,CHAMPION,MEDIUM,PROFILE_ENRICHMENT,Upgrade from indexed profile to source-backed lore-complete profile.,official_title|narrative_roles|species|status|aliases|full_original_summary|timeline|events|relationships|primary_sources,https://www.leagueoflegends.com/en-us/champions/maokai/|https://wiki.leagueoflegends.com/en-us/Universe%3AMaokai,OPEN,Do not copy long source text. Extract facts and write original concise synthesis.
char:master-yi,Master Yi,CHAMPION,MEDIUM,PROFILE_ENRICHMENT,Upgrade from indexed profile to source-backed lore-complete profile.,official_title|narrative_roles|species|status|aliases|full_original_summary|timeline|events|relationships|primary_sources,https://www.leagueoflegends.com/en-us/champions/master-yi/|https://wiki.leagueoflegends.com/en-us/Universe%3AMaster_Yi,OPEN,Do not copy long source text. Extract facts and write original concise synthesis.
char:mel,Mel,CHAMPION,HIGH,PROFILE_ENRICHMENT,Upgrade from indexed profile to source-backed lore-complete profile.,official_title|narrative_roles|species|status|aliases|full_original_summary|timeline|events|relationships|primary_sources,https://www.leagueoflegends.com/en-us/champions/mel/|https://wiki.leagueoflegends.com/en-us/Universe%3AMel,OPEN,Do not copy long source text. Extract facts and write original concise synthesis.
char:milio,Milio,CHAMPION,MEDIUM,PROFILE_ENRICHMENT,Upgrade from indexed profile to source-backed lore-complete profile.,official_title|narrative_roles|species|status|aliases|full_original_summary|timeline|events|relationships|primary_sources,https://www.leagueoflegends.com/en-us/champions/milio/|https://wiki.leagueoflegends.com/en-us/Universe%3AMilio,OPEN,Do not copy long source text. Extract facts and write original concise synthesis.
char:miss-fortune,Miss Fortune,CHAMPION,MEDIUM,PROFILE_ENRICHMENT,Upgrade from indexed profile to source-backed lore-complete profile.,official_title|narrative_roles|species|status|aliases|full_original_summary|timeline|events|relationships|primary_sources,https://www.leagueoflegends.com/en-us/champions/miss-fortune/|https://wiki.leagueoflegends.com/en-us/Universe%3AMiss_Fortune,OPEN,Do not copy long source text. Extract facts and write original concise synthesis.
char:mordekaiser,Mordekaiser,CHAMPION,MEDIUM,PROFILE_ENRICHMENT,Upgrade from indexed profile to source-backed lore-complete profile.,official_title|narrative_roles|species|status|aliases|full_original_summary|timeline|events|relationships|primary_sources,https://www.leagueoflegends.com/en-us/champions/mordekaiser/|https://wiki.leagueoflegends.com/en-us/Universe%3AMordekaiser,OPEN,Do not copy long source text. Extract facts and write original concise synthesis.
char:morgana,Morgana,CHAMPION,MEDIUM,PROFILE_ENRICHMENT,Upgrade from indexed profile to source-backed lore-complete profile.,official_title|narrative_roles|species|status|aliases|full_original_summary|timeline|events|relationships|primary_sources,https://www.leagueoflegends.com/en-us/champions/morgana/|https://wiki.leagueoflegends.com/en-us/Universe%3AMorgana,OPEN,Do not copy long source text. Extract facts and write original concise synthesis.
char:naafiri,Naafiri,CHAMPION,MEDIUM,PROFILE_ENRICHMENT,Upgrade from indexed profile to source-backed lore-complete profile.,official_title|narrative_roles|species|status|aliases|full_original_summary|timeline|events|relationships|primary_sources,https://www.leagueoflegends.com/en-us/champions/naafiri/|https://wiki.leagueoflegends.com/en-us/Universe%3ANaafiri,OPEN,Do not copy long source text. Extract facts and write original concise synthesis.
char:nami,Nami,CHAMPION,MEDIUM,PROFILE_ENRICHMENT,Upgrade from indexed profile to source-backed lore-complete profile.,official_title|narrative_roles|species|status|aliases|full_original_summary|timeline|events|relationships|primary_sources,https://www.leagueoflegends.com/en-us/champions/nami/|https://wiki.leagueoflegends.com/en-us/Universe%3ANami,OPEN,Do not copy long source text. Extract facts and write original concise synthesis.
char:nasus,Nasus,CHAMPION,MEDIUM,PROFILE_ENRICHMENT,Upgrade from indexed profile to source-backed lore-complete profile.,official_title|narrative_roles|species|status|aliases|full_original_summary|timeline|events|relationships|primary_sources,https://www.leagueoflegends.com/en-us/champions/nasus/|https://wiki.leagueoflegends.com/en-us/Universe%3ANasus,OPEN,Do not copy long source text. Extract facts and write original concise synthesis.
char:nautilus,Nautilus,CHAMPION,MEDIUM,PROFILE_ENRICHMENT,Upgrade from indexed profile to source-backed lore-complete profile.,official_title|narrative_roles|species|status|aliases|full_original_summary|timeline|events|relationships|primary_sources,https://www.leagueoflegends.com/en-us/champions/nautilus/|https://wiki.leagueoflegends.com/en-us/Universe%3ANautilus,OPEN,Do not copy long source text. Extract facts and write original concise synthesis.
char:neeko,Neeko,CHAMPION,MEDIUM,PROFILE_ENRICHMENT,Upgrade from indexed profile to source-backed lore-complete profile.,official_title|narrative_roles|species|status|aliases|full_original_summary|timeline|events|relationships|primary_sources,https://www.leagueoflegends.com/en-us/champions/neeko/|https://wiki.leagueoflegends.com/en-us/Universe%3ANeeko,OPEN,Do not copy long source text. Extract facts and write original concise synthesis.
char:nidalee,Nidalee,CHAMPION,MEDIUM,PROFILE_ENRICHMENT,Upgrade from indexed profile to source-backed lore-complete profile.,official_title|narrative_roles|species|status|aliases|full_original_summary|timeline|events|relationships|primary_sources,https://www.leagueoflegends.com/en-us/champions/nidalee/|https://wiki.leagueoflegends.com/en-us/Universe%3ANidalee,OPEN,Do not copy long source text. Extract facts and write original concise synthesis.
char:nilah,Nilah,CHAMPION,MEDIUM,PROFILE_ENRICHMENT,Upgrade from indexed profile to source-backed lore-complete profile.,official_title|narrative_roles|species|status|aliases|full_original_summary|timeline|events|relationships|primary_sources,https://www.leagueoflegends.com/en-us/champions/nilah/|https://wiki.leagueoflegends.com/en-us/Universe%3ANilah,OPEN,Do not copy long source text. Extract facts and write original concise synthesis.
char:nocturne,Nocturne,CHAMPION,MEDIUM,PROFILE_ENRICHMENT,Upgrade from indexed profile to source-backed lore-complete profile.,official_title|narrative_roles|species|status|aliases|full_original_summary|timeline|events|relationships|primary_sources,https://www.leagueoflegends.com/en-us/champions/nocturne/|https://wiki.leagueoflegends.com/en-us/Universe%3ANocturne,OPEN,Do not copy long source text. Extract facts and write original concise synthesis.
char:nunu,Nunu & Willump,CHAMPION,MEDIUM,PROFILE_ENRICHMENT,Upgrade from indexed profile to source-backed lore-complete profile.,official_title|narrative_roles|species|status|aliases|full_original_summary|timeline|events|relationships|primary_sources,https://www.leagueoflegends.com/en-us/champions/nunu/|https://wiki.leagueoflegends.com/en-us/Universe%3ANunu_%26_Willump,OPEN,Do not copy long source text. Extract facts and write original concise synthesis.
char:olaf,Olaf,CHAMPION,MEDIUM,PROFILE_ENRICHMENT,Upgrade from indexed profile to source-backed lore-complete profile.,official_title|narrative_roles|species|status|aliases|full_original_summary|timeline|events|relationships|primary_sources,https://www.leagueoflegends.com/en-us/champions/olaf/|https://wiki.leagueoflegends.com/en-us/Universe%3AOlaf,OPEN,Do not copy long source text. Extract facts and write original concise synthesis.
char:orianna,Orianna,CHAMPION,MEDIUM,PROFILE_ENRICHMENT,Upgrade from indexed profile to source-backed lore-complete profile.,official_title|narrative_roles|species|status|aliases|full_original_summary|timeline|events|relationships|primary_sources,https://www.leagueoflegends.com/en-us/champions/orianna/|https://wiki.leagueoflegends.com/en-us/Universe%3AOrianna,OPEN,Do not copy long source text. Extract facts and write original concise synthesis.
char:ornn,Ornn,CHAMPION,MEDIUM,PROFILE_ENRICHMENT,Upgrade from indexed profile to source-backed lore-complete profile.,official_title|narrative_roles|species|status|aliases|full_original_summary|timeline|events|relationships|primary_sources,https://www.leagueoflegends.com/en-us/champions/ornn/|https://wiki.leagueoflegends.com/en-us/Universe%3AOrnn,OPEN,Do not copy long source text. Extract facts and write original concise synthesis.
char:pantheon,Pantheon,CHAMPION,HIGH,PROFILE_ENRICHMENT,Upgrade from indexed profile to source-backed lore-complete profile.,official_title|narrative_roles|species|status|aliases|full_original_summary|timeline|events|relationships|primary_sources,https://www.leagueoflegends.com/en-us/champions/pantheon/|https://wiki.leagueoflegends.com/en-us/Universe%3APantheon,OPEN,Do not copy long source text. Extract facts and write original concise synthesis.
char:poppy,Poppy,CHAMPION,MEDIUM,PROFILE_ENRICHMENT,Upgrade from indexed profile to source-backed lore-complete profile.,official_title|narrative_roles|species|status|aliases|full_original_summary|timeline|events|relationships|primary_sources,https://www.leagueoflegends.com/en-us/champions/poppy/|https://wiki.leagueoflegends.com/en-us/Universe%3APoppy,OPEN,Do not copy long source text. Extract facts and write original concise synthesis.
char:pyke,Pyke,CHAMPION,MEDIUM,PROFILE_ENRICHMENT,Upgrade from indexed profile to source-backed lore-complete profile.,official_title|narrative_roles|species|status|aliases|full_original_summary|timeline|events|relationships|primary_sources,https://www.leagueoflegends.com/en-us/champions/pyke/|https://wiki.leagueoflegends.com/en-us/Universe%3APyke,OPEN,Do not copy long source text. Extract facts and write original concise synthesis.
char:qiyana,Qiyana,CHAMPION,MEDIUM,PROFILE_ENRICHMENT,Upgrade from indexed profile to source-backed lore-complete profile.,official_title|narrative_roles|species|status|aliases|full_original_summary|timeline|events|relationships|primary_sources,https://www.leagueoflegends.com/en-us/champions/qiyana/|https://wiki.leagueoflegends.com/en-us/Universe%3AQiyana,OPEN,Do not copy long source text. Extract facts and write original concise synthesis.
char:quinn,Quinn,CHAMPION,MEDIUM,PROFILE_ENRICHMENT,Upgrade from indexed profile to source-backed lore-complete profile.,official_title|narrative_roles|species|status|aliases|full_original_summary|timeline|events|relationships|primary_sources,https://www.leagueoflegends.com/en-us/champions/quinn/|https://wiki.leagueoflegends.com/en-us/Universe%3AQuinn,OPEN,Do not copy long source text. Extract facts and write original concise synthesis.
char:rakan,Rakan,CHAMPION,MEDIUM,PROFILE_ENRICHMENT,Upgrade from indexed profile to source-backed lore-complete profile.,official_title|narrative_roles|species|status|aliases|full_original_summary|timeline|events|relationships|primary_sources,https://www.leagueoflegends.com/en-us/champions/rakan/|https://wiki.leagueoflegends.com/en-us/Universe%3ARakan,OPEN,Do not copy long source text. Extract facts and write original concise synthesis.
char:rammus,Rammus,CHAMPION,MEDIUM,PROFILE_ENRICHMENT,Upgrade from indexed profile to source-backed lore-complete profile.,official_title|narrative_roles|species|status|aliases|full_original_summary|timeline|events|relationships|primary_sources,https://www.leagueoflegends.com/en-us/champions/rammus/|https://wiki.leagueoflegends.com/en-us/Universe%3ARammus,OPEN,Do not copy long source text. Extract facts and write original concise synthesis.
char:rek-sai,Rek'Sai,CHAMPION,MEDIUM,PROFILE_ENRICHMENT,Upgrade from indexed profile to source-backed lore-complete profile.,official_title|narrative_roles|species|status|aliases|full_original_summary|timeline|events|relationships|primary_sources,https://www.leagueoflegends.com/en-us/champions/rek-sai/|https://wiki.leagueoflegends.com/en-us/Universe%3ARek'Sai,OPEN,Do not copy long source text. Extract facts and write original concise synthesis.
char:rell,Rell,CHAMPION,MEDIUM,PROFILE_ENRICHMENT,Upgrade from indexed profile to source-backed lore-complete profile.,official_title|narrative_roles|species|status|aliases|full_original_summary|timeline|events|relationships|primary_sources,https://www.leagueoflegends.com/en-us/champions/rell/|https://wiki.leagueoflegends.com/en-us/Universe%3ARell,OPEN,Do not copy long source text. Extract facts and write original concise synthesis.
char:renata-glasc,Renata Glasc,CHAMPION,MEDIUM,PROFILE_ENRICHMENT,Upgrade from indexed profile to source-backed lore-complete profile.,official_title|narrative_roles|species|status|aliases|full_original_summary|timeline|events|relationships|primary_sources,https://www.leagueoflegends.com/en-us/champions/renata-glasc/|https://wiki.leagueoflegends.com/en-us/Universe%3ARenata_Glasc,OPEN,Do not copy long source text. Extract facts and write original concise synthesis.
char:renekton,Renekton,CHAMPION,MEDIUM,PROFILE_ENRICHMENT,Upgrade from indexed profile to source-backed lore-complete profile.,official_title|narrative_roles|species|status|aliases|full_original_summary|timeline|events|relationships|primary_sources,https://www.leagueoflegends.com/en-us/champions/renekton/|https://wiki.leagueoflegends.com/en-us/Universe%3ARenekton,OPEN,Do not copy long source text. Extract facts and write original concise synthesis.
char:rengar,Rengar,CHAMPION,MEDIUM,PROFILE_ENRICHMENT,Upgrade from indexed profile to source-backed lore-complete profile.,official_title|narrative_roles|species|status|aliases|full_original_summary|timeline|events|relationships|primary_sources,https://www.leagueoflegends.com/en-us/champions/rengar/|https://wiki.leagueoflegends.com/en-us/Universe%3ARengar,OPEN,Do not copy long source text. Extract facts and write original concise synthesis.
char:riven,Riven,CHAMPION,MEDIUM,PROFILE_ENRICHMENT,Upgrade from indexed profile to source-backed lore-complete profile.,official_title|narrative_roles|species|status|aliases|full_original_summary|timeline|events|relationships|primary_sources,https://www.leagueoflegends.com/en-us/champions/riven/|https://wiki.leagueoflegends.com/en-us/Universe%3ARiven,OPEN,Do not copy long source text. Extract facts and write original concise synthesis.
char:rumble,Rumble,CHAMPION,MEDIUM,PROFILE_ENRICHMENT,Upgrade from indexed profile to source-backed lore-complete profile.,official_title|narrative_roles|species|status|aliases|full_original_summary|timeline|events|relationships|primary_sources,https://www.leagueoflegends.com/en-us/champions/rumble/|https://wiki.leagueoflegends.com/en-us/Universe%3ARumble,OPEN,Do not copy long source text. Extract facts and write original concise synthesis.
char:ryze,Ryze,CHAMPION,MEDIUM,PROFILE_ENRICHMENT,Upgrade from indexed profile to source-backed lore-complete profile.,official_title|narrative_roles|species|status|aliases|full_original_summary|timeline|events|relationships|primary_sources,https://www.leagueoflegends.com/en-us/champions/ryze/|https://wiki.leagueoflegends.com/en-us/Universe%3ARyze,OPEN,Do not copy long source text. Extract facts and write original concise synthesis.
char:samira,Samira,CHAMPION,MEDIUM,PROFILE_ENRICHMENT,Upgrade from indexed profile to source-backed lore-complete profile.,official_title|narrative_roles|species|status|aliases|full_original_summary|timeline|events|relationships|primary_sources,https://www.leagueoflegends.com/en-us/champions/samira/|https://wiki.leagueoflegends.com/en-us/Universe%3ASamira,OPEN,Do not copy long source text. Extract facts and write original concise synthesis.
char:sejuani,Sejuani,CHAMPION,MEDIUM,PROFILE_ENRICHMENT,Upgrade from indexed profile to source-backed lore-complete profile.,official_title|narrative_roles|species|status|aliases|full_original_summary|timeline|events|relationships|primary_sources,https://www.leagueoflegends.com/en-us/champions/sejuani/|https://wiki.leagueoflegends.com/en-us/Universe%3ASejuani,OPEN,Do not copy long source text. Extract facts and write original concise synthesis.
char:senna,Senna,CHAMPION,MEDIUM,PROFILE_ENRICHMENT,Upgrade from indexed profile to source-backed lore-complete profile.,official_title|narrative_roles|species|status|aliases|full_original_summary|timeline|events|relationships|primary_sources,https://www.leagueoflegends.com/en-us/champions/senna/|https://wiki.leagueoflegends.com/en-us/Universe%3ASenna,OPEN,Do not copy long source text. Extract facts and write original concise synthesis.
char:seraphine,Seraphine,CHAMPION,MEDIUM,PROFILE_ENRICHMENT,Upgrade from indexed profile to source-backed lore-complete profile.,official_title|narrative_roles|species|status|aliases|full_original_summary|timeline|events|relationships|primary_sources,https://www.leagueoflegends.com/en-us/champions/seraphine/|https://wiki.leagueoflegends.com/en-us/Universe%3ASeraphine,OPEN,Do not copy long source text. Extract facts and write original concise synthesis.
char:sett,Sett,CHAMPION,MEDIUM,PROFILE_ENRICHMENT,Upgrade from indexed profile to source-backed lore-complete profile.,official_title|narrative_roles|species|status|aliases|full_original_summary|timeline|events|relationships|primary_sources,https://www.leagueoflegends.com/en-us/champions/sett/|https://wiki.leagueoflegends.com/en-us/Universe%3ASett,OPEN,Do not copy long source text. Extract facts and write original concise synthesis.
char:shaco,Shaco,CHAMPION,MEDIUM,PROFILE_ENRICHMENT,Upgrade from indexed profile to source-backed lore-complete profile.,official_title|narrative_roles|species|status|aliases|full_original_summary|timeline|events|relationships|primary_sources,https://www.leagueoflegends.com/en-us/champions/shaco/|https://wiki.leagueoflegends.com/en-us/Universe%3AShaco,OPEN,Do not copy long source text. Extract facts and write original concise synthesis.
char:shen,Shen,CHAMPION,MEDIUM,PROFILE_ENRICHMENT,Upgrade from indexed profile to source-backed lore-complete profile.,official_title|narrative_roles|species|status|aliases|full_original_summary|timeline|events|relationships|primary_sources,https://www.leagueoflegends.com/en-us/champions/shen/|https://wiki.leagueoflegends.com/en-us/Universe%3AShen,OPEN,Do not copy long source text. Extract facts and write original concise synthesis.
char:shyvana,Shyvana,CHAMPION,MEDIUM,PROFILE_ENRICHMENT,Upgrade from indexed profile to source-backed lore-complete profile.,official_title|narrative_roles|species|status|aliases|full_original_summary|timeline|events|relationships|primary_sources,https://www.leagueoflegends.com/en-us/champions/shyvana/|https://wiki.leagueoflegends.com/en-us/Universe%3AShyvana,OPEN,Do not copy long source text. Extract facts and write original concise synthesis.
char:singed,Singed,CHAMPION,MEDIUM,PROFILE_ENRICHMENT,Upgrade from indexed profile to source-backed lore-complete profile.,official_title|narrative_roles|species|status|aliases|full_original_summary|timeline|events|relationships|primary_sources,https://www.leagueoflegends.com/en-us/champions/singed/|https://wiki.leagueoflegends.com/en-us/Universe%3ASinged,OPEN,Do not copy long source text. Extract facts and write original concise synthesis.
char:sion,Sion,CHAMPION,MEDIUM,PROFILE_ENRICHMENT,Upgrade from indexed profile to source-backed lore-complete profile.,official_title|narrative_roles|species|status|aliases|full_original_summary|timeline|events|relationships|primary_sources,https://www.leagueoflegends.com/en-us/champions/sion/|https://wiki.leagueoflegends.com/en-us/Universe%3ASion,OPEN,Do not copy long source text. Extract facts and write original concise synthesis.
char:sivir,Sivir,CHAMPION,MEDIUM,PROFILE_ENRICHMENT,Upgrade from indexed profile to source-backed lore-complete profile.,official_title|narrative_roles|species|status|aliases|full_original_summary|timeline|events|relationships|primary_sources,https://www.leagueoflegends.com/en-us/champions/sivir/|https://wiki.leagueoflegends.com/en-us/Universe%3ASivir,OPEN,Do not copy long source text. Extract facts and write original concise synthesis.
char:skarner,Skarner,CHAMPION,MEDIUM,PROFILE_ENRICHMENT,Upgrade from indexed profile to source-backed lore-complete profile.,official_title|narrative_roles|species|status|aliases|full_original_summary|timeline|events|relationships|primary_sources,https://www.leagueoflegends.com/en-us/champions/skarner/|https://wiki.leagueoflegends.com/en-us/Universe%3ASkarner,OPEN,Do not copy long source text. Extract facts and write original concise synthesis.
char:smolder,Smolder,CHAMPION,MEDIUM,PROFILE_ENRICHMENT,Upgrade from indexed profile to source-backed lore-complete profile.,official_title|narrative_roles|species|status|aliases|full_original_summary|timeline|events|relationships|primary_sources,https://www.leagueoflegends.com/en-us/champions/smolder/|https://wiki.leagueoflegends.com/en-us/Universe%3ASmolder,OPEN,Do not copy long source text. Extract facts and write original concise synthesis.
char:sona,Sona,CHAMPION,MEDIUM,PROFILE_ENRICHMENT,Upgrade from indexed profile to source-backed lore-complete profile.,official_title|narrative_roles|species|status|aliases|full_original_summary|timeline|events|relationships|primary_sources,https://www.leagueoflegends.com/en-us/champions/sona/|https://wiki.leagueoflegends.com/en-us/Universe%3ASona,OPEN,Do not copy long source text. Extract facts and write original concise synthesis.
char:soraka,Soraka,CHAMPION,MEDIUM,PROFILE_ENRICHMENT,Upgrade from indexed profile to source-backed lore-complete profile.,official_title|narrative_roles|species|status|aliases|full_original_summary|timeline|events|relationships|primary_sources,https://www.leagueoflegends.com/en-us/champions/soraka/|https://wiki.leagueoflegends.com/en-us/Universe%3ASoraka,OPEN,Do not copy long source text. Extract facts and write original concise synthesis.
char:swain,Swain,CHAMPION,MEDIUM,PROFILE_ENRICHMENT,Upgrade from indexed profile to source-backed lore-complete profile.,official_title|narrative_roles|species|status|aliases|full_original_summary|timeline|events|relationships|primary_sources,https://www.leagueoflegends.com/en-us/champions/swain/|https://wiki.leagueoflegends.com/en-us/Universe%3ASwain,OPEN,Do not copy long source text. Extract facts and write original concise synthesis.
char:sylas,Sylas,CHAMPION,MEDIUM,PROFILE_ENRICHMENT,Upgrade from indexed profile to source-backed lore-complete profile.,official_title|narrative_roles|species|status|aliases|full_original_summary|timeline|events|relationships|primary_sources,https://www.leagueoflegends.com/en-us/champions/sylas/|https://wiki.leagueoflegends.com/en-us/Universe%3ASylas,OPEN,Do not copy long source text. Extract facts and write original concise synthesis.
char:syndra,Syndra,CHAMPION,MEDIUM,PROFILE_ENRICHMENT,Upgrade from indexed profile to source-backed lore-complete profile.,official_title|narrative_roles|species|status|aliases|full_original_summary|timeline|events|relationships|primary_sources,https://www.leagueoflegends.com/en-us/champions/syndra/|https://wiki.leagueoflegends.com/en-us/Universe%3ASyndra,OPEN,Do not copy long source text. Extract facts and write original concise synthesis.
char:tahm-kench,Tahm Kench,CHAMPION,MEDIUM,PROFILE_ENRICHMENT,Upgrade from indexed profile to source-backed lore-complete profile.,official_title|narrative_roles|species|status|aliases|full_original_summary|timeline|events|relationships|primary_sources,https://www.leagueoflegends.com/en-us/champions/tahm-kench/|https://wiki.leagueoflegends.com/en-us/Universe%3ATahm_Kench,OPEN,Do not copy long source text. Extract facts and write original concise synthesis.
char:taliyah,Taliyah,CHAMPION,MEDIUM,PROFILE_ENRICHMENT,Upgrade from indexed profile to source-backed lore-complete profile.,official_title|narrative_roles|species|status|aliases|full_original_summary|timeline|events|relationships|primary_sources,https://www.leagueoflegends.com/en-us/champions/taliyah/|https://wiki.leagueoflegends.com/en-us/Universe%3ATaliyah,OPEN,Do not copy long source text. Extract facts and write original concise synthesis.
char:talon,Talon,CHAMPION,MEDIUM,PROFILE_ENRICHMENT,Upgrade from indexed profile to source-backed lore-complete profile.,official_title|narrative_roles|species|status|aliases|full_original_summary|timeline|events|relationships|primary_sources,https://www.leagueoflegends.com/en-us/champions/talon/|https://wiki.leagueoflegends.com/en-us/Universe%3ATalon,OPEN,Do not copy long source text. Extract facts and write original concise synthesis.
char:taric,Taric,CHAMPION,MEDIUM,PROFILE_ENRICHMENT,Upgrade from indexed profile to source-backed lore-complete profile.,official_title|narrative_roles|species|status|aliases|full_original_summary|timeline|events|relationships|primary_sources,https://www.leagueoflegends.com/en-us/champions/taric/|https://wiki.leagueoflegends.com/en-us/Universe%3ATaric,OPEN,Do not copy long source text. Extract facts and write original concise synthesis.
char:teemo,Teemo,CHAMPION,MEDIUM,PROFILE_ENRICHMENT,Upgrade from indexed profile to source-backed lore-complete profile.,official_title|narrative_roles|species|status|aliases|full_original_summary|timeline|events|relationships|primary_sources,https://www.leagueoflegends.com/en-us/champions/teemo/|https://wiki.leagueoflegends.com/en-us/Universe%3ATeemo,OPEN,Do not copy long source text. Extract facts and write original concise synthesis.
char:thresh,Thresh,CHAMPION,MEDIUM,PROFILE_ENRICHMENT,Upgrade from indexed profile to source-backed lore-complete profile.,official_title|narrative_roles|species|status|aliases|full_original_summary|timeline|events|relationships|primary_sources,https://www.leagueoflegends.com/en-us/champions/thresh/|https://wiki.leagueoflegends.com/en-us/Universe%3AThresh,OPEN,Do not copy long source text. Extract facts and write original concise synthesis.
char:tristana,Tristana,CHAMPION,MEDIUM,PROFILE_ENRICHMENT,Upgrade from indexed profile to source-backed lore-complete profile.,official_title|narrative_roles|species|status|aliases|full_original_summary|timeline|events|relationships|primary_sources,https://www.leagueoflegends.com/en-us/champions/tristana/|https://wiki.leagueoflegends.com/en-us/Universe%3ATristana,OPEN,Do not copy long source text. Extract facts and write original concise synthesis.
char:trundle,Trundle,CHAMPION,MEDIUM,PROFILE_ENRICHMENT,Upgrade from indexed profile to source-backed lore-complete profile.,official_title|narrative_roles|species|status|aliases|full_original_summary|timeline|events|relationships|primary_sources,https://www.leagueoflegends.com/en-us/champions/trundle/|https://wiki.leagueoflegends.com/en-us/Universe%3ATrundle,OPEN,Do not copy long source text. Extract facts and write original concise synthesis.
char:tryndamere,Tryndamere,CHAMPION,MEDIUM,PROFILE_ENRICHMENT,Upgrade from indexed profile to source-backed lore-complete profile.,official_title|narrative_roles|species|status|aliases|full_original_summary|timeline|events|relationships|primary_sources,https://www.leagueoflegends.com/en-us/champions/tryndamere/|https://wiki.leagueoflegends.com/en-us/Universe%3ATryndamere,OPEN,Do not copy long source text. Extract facts and write original concise synthesis.
char:twisted-fate,Twisted Fate,CHAMPION,MEDIUM,PROFILE_ENRICHMENT,Upgrade from indexed profile to source-backed lore-complete profile.,official_title|narrative_roles|species|status|aliases|full_original_summary|timeline|events|relationships|primary_sources,https://www.leagueoflegends.com/en-us/champions/twisted-fate/|https://wiki.leagueoflegends.com/en-us/Universe%3ATwisted_Fate,OPEN,Do not copy long source text. Extract facts and write original concise synthesis.
char:twitch,Twitch,CHAMPION,MEDIUM,PROFILE_ENRICHMENT,Upgrade from indexed profile to source-backed lore-complete profile.,official_title|narrative_roles|species|status|aliases|full_original_summary|timeline|events|relationships|primary_sources,https://www.leagueoflegends.com/en-us/champions/twitch/|https://wiki.leagueoflegends.com/en-us/Universe%3ATwitch,OPEN,Do not copy long source text. Extract facts and write original concise synthesis.
char:udyr,Udyr,CHAMPION,MEDIUM,PROFILE_ENRICHMENT,Upgrade from indexed profile to source-backed lore-complete profile.,official_title|narrative_roles|species|status|aliases|full_original_summary|timeline|events|relationships|primary_sources,https://www.leagueoflegends.com/en-us/champions/udyr/|https://wiki.leagueoflegends.com/en-us/Universe%3AUdyr,OPEN,Do not copy long source text. Extract facts and write original concise synthesis.
char:urgot,Urgot,CHAMPION,MEDIUM,PROFILE_ENRICHMENT,Upgrade from indexed profile to source-backed lore-complete profile.,official_title|narrative_roles|species|status|aliases|full_original_summary|timeline|events|relationships|primary_sources,https://www.leagueoflegends.com/en-us/champions/urgot/|https://wiki.leagueoflegends.com/en-us/Universe%3AUrgot,OPEN,Do not copy long source text. Extract facts and write original concise synthesis.
char:varus,Varus,CHAMPION,MEDIUM,PROFILE_ENRICHMENT,Upgrade from indexed profile to source-backed lore-complete profile.,official_title|narrative_roles|species|status|aliases|full_original_summary|timeline|events|relationships|primary_sources,https://www.leagueoflegends.com/en-us/champions/varus/|https://wiki.leagueoflegends.com/en-us/Universe%3AVarus,OPEN,Do not copy long source text. Extract facts and write original concise synthesis.
char:vayne,Vayne,CHAMPION,MEDIUM,PROFILE_ENRICHMENT,Upgrade from indexed profile to source-backed lore-complete profile.,official_title|narrative_roles|species|status|aliases|full_original_summary|timeline|events|relationships|primary_sources,https://www.leagueoflegends.com/en-us/champions/vayne/|https://wiki.leagueoflegends.com/en-us/Universe%3AVayne,OPEN,Do not copy long source text. Extract facts and write original concise synthesis.
char:veigar,Veigar,CHAMPION,MEDIUM,PROFILE_ENRICHMENT,Upgrade from indexed profile to source-backed lore-complete profile.,official_title|narrative_roles|species|status|aliases|full_original_summary|timeline|events|relationships|primary_sources,https://www.leagueoflegends.com/en-us/champions/veigar/|https://wiki.leagueoflegends.com/en-us/Universe%3AVeigar,OPEN,Do not copy long source text. Extract facts and write original concise synthesis.
char:vel-koz,Vel'Koz,CHAMPION,MEDIUM,PROFILE_ENRICHMENT,Upgrade from indexed profile to source-backed lore-complete profile.,official_title|narrative_roles|species|status|aliases|full_original_summary|timeline|events|relationships|primary_sources,https://www.leagueoflegends.com/en-us/champions/vel-koz/|https://wiki.leagueoflegends.com/en-us/Universe%3AVel'Koz,OPEN,Do not copy long source text. Extract facts and write original concise synthesis.
char:vex,Vex,CHAMPION,MEDIUM,PROFILE_ENRICHMENT,Upgrade from indexed profile to source-backed lore-complete profile.,official_title|narrative_roles|species|status|aliases|full_original_summary|timeline|events|relationships|primary_sources,https://www.leagueoflegends.com/en-us/champions/vex/|https://wiki.leagueoflegends.com/en-us/Universe%3AVex,OPEN,Do not copy long source text. Extract facts and write original concise synthesis.
char:vi,Vi,CHAMPION,MEDIUM,PROFILE_ENRICHMENT,Upgrade from indexed profile to source-backed lore-complete profile.,official_title|narrative_roles|species|status|aliases|full_original_summary|timeline|events|relationships|primary_sources,https://www.leagueoflegends.com/en-us/champions/vi/|https://wiki.leagueoflegends.com/en-us/Universe%3AVi,OPEN,Do not copy long source text. Extract facts and write original concise synthesis.
char:viego,Viego,CHAMPION,MEDIUM,PROFILE_ENRICHMENT,Upgrade from indexed profile to source-backed lore-complete profile.,official_title|narrative_roles|species|status|aliases|full_original_summary|timeline|events|relationships|primary_sources,https://www.leagueoflegends.com/en-us/champions/viego/|https://wiki.leagueoflegends.com/en-us/Universe%3AViego,OPEN,Do not copy long source text. Extract facts and write original concise synthesis.
char:viktor,Viktor,CHAMPION,HIGH,PROFILE_ENRICHMENT,Upgrade from indexed profile to source-backed lore-complete profile.,official_title|narrative_roles|species|status|aliases|full_original_summary|timeline|events|relationships|primary_sources,https://www.leagueoflegends.com/en-us/champions/viktor/|https://wiki.leagueoflegends.com/en-us/Universe%3AViktor,OPEN,Do not copy long source text. Extract facts and write original concise synthesis.
char:vladimir,Vladimir,CHAMPION,MEDIUM,PROFILE_ENRICHMENT,Upgrade from indexed profile to source-backed lore-complete profile.,official_title|narrative_roles|species|status|aliases|full_original_summary|timeline|events|relationships|primary_sources,https://www.leagueoflegends.com/en-us/champions/vladimir/|https://wiki.leagueoflegends.com/en-us/Universe%3AVladimir,OPEN,Do not copy long source text. Extract facts and write original concise synthesis.
char:volibear,Volibear,CHAMPION,MEDIUM,PROFILE_ENRICHMENT,Upgrade from indexed profile to source-backed lore-complete profile.,official_title|narrative_roles|species|status|aliases|full_original_summary|timeline|events|relationships|primary_sources,https://www.leagueoflegends.com/en-us/champions/volibear/|https://wiki.leagueoflegends.com/en-us/Universe%3AVolibear,OPEN,Do not copy long source text. Extract facts and write original concise synthesis.
char:warwick,Warwick,CHAMPION,MEDIUM,PROFILE_ENRICHMENT,Upgrade from indexed profile to source-backed lore-complete profile.,official_title|narrative_roles|species|status|aliases|full_original_summary|timeline|events|relationships|primary_sources,https://www.leagueoflegends.com/en-us/champions/warwick/|https://wiki.leagueoflegends.com/en-us/Universe%3AWarwick,OPEN,Do not copy long source text. Extract facts and write original concise synthesis.
char:wukong,Wukong,CHAMPION,MEDIUM,PROFILE_ENRICHMENT,Upgrade from indexed profile to source-backed lore-complete profile.,official_title|narrative_roles|species|status|aliases|full_original_summary|timeline|events|relationships|primary_sources,https://www.leagueoflegends.com/en-us/champions/wukong/|https://wiki.leagueoflegends.com/en-us/Universe%3AWukong,OPEN,Do not copy long source text. Extract facts and write original concise synthesis.
char:xayah,Xayah,CHAMPION,MEDIUM,PROFILE_ENRICHMENT,Upgrade from indexed profile to source-backed lore-complete profile.,official_title|narrative_roles|species|status|aliases|full_original_summary|timeline|events|relationships|primary_sources,https://www.leagueoflegends.com/en-us/champions/xayah/|https://wiki.leagueoflegends.com/en-us/Universe%3AXayah,OPEN,Do not copy long source text. Extract facts and write original concise synthesis.
char:xerath,Xerath,CHAMPION,MEDIUM,PROFILE_ENRICHMENT,Upgrade from indexed profile to source-backed lore-complete profile.,official_title|narrative_roles|species|status|aliases|full_original_summary|timeline|events|relationships|primary_sources,https://www.leagueoflegends.com/en-us/champions/xerath/|https://wiki.leagueoflegends.com/en-us/Universe%3AXerath,OPEN,Do not copy long source text. Extract facts and write original concise synthesis.
char:xin-zhao,Xin Zhao,CHAMPION,MEDIUM,PROFILE_ENRICHMENT,Upgrade from indexed profile to source-backed lore-complete profile.,official_title|narrative_roles|species|status|aliases|full_original_summary|timeline|events|relationships|primary_sources,https://www.leagueoflegends.com/en-us/champions/xin-zhao/|https://wiki.leagueoflegends.com/en-us/Universe%3AXin_Zhao,OPEN,Do not copy long source text. Extract facts and write original concise synthesis.
char:yasuo,Yasuo,CHAMPION,MEDIUM,PROFILE_ENRICHMENT,Upgrade from indexed profile to source-backed lore-complete profile.,official_title|narrative_roles|species|status|aliases|full_original_summary|timeline|events|relationships|primary_sources,https://www.leagueoflegends.com/en-us/champions/yasuo/|https://wiki.leagueoflegends.com/en-us/Universe%3AYasuo,OPEN,Do not copy long source text. Extract facts and write original concise synthesis.
char:yone,Yone,CHAMPION,MEDIUM,PROFILE_ENRICHMENT,Upgrade from indexed profile to source-backed lore-complete profile.,official_title|narrative_roles|species|status|aliases|full_original_summary|timeline|events|relationships|primary_sources,https://www.leagueoflegends.com/en-us/champions/yone/|https://wiki.leagueoflegends.com/en-us/Universe%3AYone,OPEN,Do not copy long source text. Extract facts and write original concise synthesis.
char:yorick,Yorick,CHAMPION,MEDIUM,PROFILE_ENRICHMENT,Upgrade from indexed profile to source-backed lore-complete profile.,official_title|narrative_roles|species|status|aliases|full_original_summary|timeline|events|relationships|primary_sources,https://www.leagueoflegends.com/en-us/champions/yorick/|https://wiki.leagueoflegends.com/en-us/Universe%3AYorick,OPEN,Do not copy long source text. Extract facts and write original concise synthesis.
char:yunara,Yunara,CHAMPION,HIGH,PROFILE_ENRICHMENT,Upgrade from indexed profile to source-backed lore-complete profile.,official_title|narrative_roles|species|status|aliases|full_original_summary|timeline|events|relationships|primary_sources,https://www.leagueoflegends.com/en-us/champions/yunara/|https://wiki.leagueoflegends.com/en-us/Universe%3AYunara,OPEN,Do not copy long source text. Extract facts and write original concise synthesis.
char:yuumi,Yuumi,CHAMPION,MEDIUM,PROFILE_ENRICHMENT,Upgrade from indexed profile to source-backed lore-complete profile.,official_title|narrative_roles|species|status|aliases|full_original_summary|timeline|events|relationships|primary_sources,https://www.leagueoflegends.com/en-us/champions/yuumi/|https://wiki.leagueoflegends.com/en-us/Universe%3AYuumi,OPEN,Do not copy long source text. Extract facts and write original concise synthesis.
char:zaahen,Zaahen,CHAMPION,HIGH,PROFILE_ENRICHMENT,Upgrade from indexed profile to source-backed lore-complete profile.,official_title|narrative_roles|species|status|aliases|full_original_summary|timeline|events|relationships|primary_sources,https://www.leagueoflegends.com/en-us/champions/zaahen/|https://wiki.leagueoflegends.com/en-us/Universe%3AZaahen,OPEN,Do not copy long source text. Extract facts and write original concise synthesis.
char:zac,Zac,CHAMPION,MEDIUM,PROFILE_ENRICHMENT,Upgrade from indexed profile to source-backed lore-complete profile.,official_title|narrative_roles|species|status|aliases|full_original_summary|timeline|events|relationships|primary_sources,https://www.leagueoflegends.com/en-us/champions/zac/|https://wiki.leagueoflegends.com/en-us/Universe%3AZac,OPEN,Do not copy long source text. Extract facts and write original concise synthesis.
char:zed,Zed,CHAMPION,MEDIUM,PROFILE_ENRICHMENT,Upgrade from indexed profile to source-backed lore-complete profile.,official_title|narrative_roles|species|status|aliases|full_original_summary|timeline|events|relationships|primary_sources,https://www.leagueoflegends.com/en-us/champions/zed/|https://wiki.leagueoflegends.com/en-us/Universe%3AZed,OPEN,Do not copy long source text. Extract facts and write original concise synthesis.
char:zeri,Zeri,CHAMPION,MEDIUM,PROFILE_ENRICHMENT,Upgrade from indexed profile to source-backed lore-complete profile.,official_title|narrative_roles|species|status|aliases|full_original_summary|timeline|events|relationships|primary_sources,https://www.leagueoflegends.com/en-us/champions/zeri/|https://wiki.leagueoflegends.com/en-us/Universe%3AZeri,OPEN,Do not copy long source text. Extract facts and write original concise synthesis.
char:ziggs,Ziggs,CHAMPION,MEDIUM,PROFILE_ENRICHMENT,Upgrade from indexed profile to source-backed lore-complete profile.,official_title|narrative_roles|species|status|aliases|full_original_summary|timeline|events|relationships|primary_sources,https://www.leagueoflegends.com/en-us/champions/ziggs/|https://wiki.leagueoflegends.com/en-us/Universe%3AZiggs,OPEN,Do not copy long source text. Extract facts and write original concise synthesis.
char:zilean,Zilean,CHAMPION,MEDIUM,PROFILE_ENRICHMENT,Upgrade from indexed profile to source-backed lore-complete profile.,official_title|narrative_roles|species|status|aliases|full_original_summary|timeline|events|relationships|primary_sources,https://www.leagueoflegends.com/en-us/champions/zilean/|https://wiki.leagueoflegends.com/en-us/Universe%3AZilean,OPEN,Do not copy long source text. Extract facts and write original concise synthesis.
char:zoe,Zoe,CHAMPION,MEDIUM,PROFILE_ENRICHMENT,Upgrade from indexed profile to source-backed lore-complete profile.,official_title|narrative_roles|species|status|aliases|full_original_summary|timeline|events|relationships|primary_sources,https://www.leagueoflegends.com/en-us/champions/zoe/|https://wiki.leagueoflegends.com/en-us/Universe%3AZoe,OPEN,Do not copy long source text. Extract facts and write original concise synthesis.
char:zyra,Zyra,CHAMPION,MEDIUM,PROFILE_ENRICHMENT,Upgrade from indexed profile to source-backed lore-complete profile.,official_title|narrative_roles|species|status|aliases|full_original_summary|timeline|events|relationships|primary_sources,https://www.leagueoflegends.com/en-us/champions/zyra/|https://wiki.leagueoflegends.com/en-us/Universe%3AZyra,OPEN,Do not copy long source text. Extract facts and write original concise synthesis.
char:ambessa,Ambessa,CHAMPION,P0,TARGETED_CANON_QA,"Remove fallback metadata; verify release date, narrative roles, full bio, Mel/Noxus/Black Rose continuity.",,https://www.leagueoflegends.com/en-us/champions/ambessa/|https://wiki.leagueoflegends.com/en-us/Universe%3AAmbessa,OPEN,Resolve before broad public launch.
char:yunara,Yunara,CHAMPION,P0,TARGETED_CANON_QA,"Verify spirit-realm chronology, Kinkou relationship, Aion Er'na artifact, timeline and direct relationships.",,https://www.leagueoflegends.com/en-us/champions/yunara/|https://wiki.leagueoflegends.com/en-us/Universe%3AYunara,OPEN,Resolve before broad public launch.
char:zaahen,Zaahen,CHAMPION,P0,TARGETED_CANON_QA,"Deep audit current Darkin history, glaive imprisonment, relationships to other Darkin and current canon.",,https://www.leagueoflegends.com/en-us/champions/zaahen/|https://wiki.leagueoflegends.com/en-us/Universe%3AZaahen,OPEN,Resolve before broad public launch.
char:locke,Locke,CHAMPION,P0,TARGETED_CANON_QA,"Deep audit Demacian occultist background, demon/exorcist relationships, current media/cinematic.",,https://www.leagueoflegends.com/en-us/champions/locke/|https://wiki.leagueoflegends.com/en-us/Universe%3ALocke,OPEN,Resolve before broad public launch.
char:viktor,Viktor,CHAMPION,P0,TARGETED_CANON_QA,Reconcile current Herald of the Arcane material with legacy lore.,,https://www.leagueoflegends.com/en-us/champions/viktor/|https://wiki.leagueoflegends.com/en-us/Universe%3AViktor,OPEN,Resolve before broad public launch.
char:pantheon,Pantheon,CHAMPION,P0,TARGETED_CANON_QA,Separate Atreus from the ancient Aspect of War entity.,,https://www.leagueoflegends.com/en-us/champions/pantheon/|https://wiki.leagueoflegends.com/en-us/Universe%3APantheon,OPEN,Resolve before broad public launch.
char:kai-sa,Kai'Sa,CHAMPION,P0,TARGETED_CANON_QA,Ensure no ancient Void War participation; distinguish modern Void survivor from ancient events.,,https://www.leagueoflegends.com/en-us/champions/kai-sa/|https://wiki.leagueoflegends.com/en-us/Universe%3AKai'Sa,OPEN,Resolve before broad public launch.
